opportunity_id,deal_amount,discount_pct,stage,days_in_stage,region,product,probability,expected_revenue
1,60737.43,6.6,Closed Lost,115,LATAM,Core Payments,0.33,20043.3519
2,16654.53,11.4,Negotiation,102,NA,Analytics,0.49,8160.7197
3,22464.51,8.2,Proposal,58,EMEA,Risk Solutions,0.65,14601.931499999999
4,28127.69,12.1,Proposal,98,LATAM,Risk Solutions,0.89,25033.644099999998
5,13720.5,12.8,Prospecting,86,APAC,Core Payments,0.86,11799.63
6,22053.78,12.4,Proposal,56,LATAM,Core Payments,0.68,14996.5704
7,22014.7,12.4,Negotiation,21,EMEA,VAS,0.22,4843.234
8,7686.07,9.3,Closed Lost,62,EMEA,Risk Solutions,0.78,5995.1346
9,40562.32,14.2,Proposal,34,EMEA,VAS,0.58,23526.1456
10,31580.63,17.3,Proposal,58,NA,Core Payments,0.47,14842.8961
11,15134.66,8.9,Prospecting,45,APAC,Core Payments,0.89,13469.8474
12,19872.08,11.7,Prospecting,61,LATAM,VAS,0.47,9339.8776
13,29827.31,12.3,Closed Lost,44,LATAM,Core Payments,0.81,24160.121100000004
14,18829.61,18.3,Proposal,12,APAC,Analytics,0.8,15063.688000000002
15,19041.01,17.4,Prospecting,110,EMEA,Analytics,0.49,9330.094899999998
16,9210.09,8.3,Prospecting,53,NA,Core Payments,0.63,5802.3567
17,30722.43,12.4,Closed Won,96,LATAM,Risk Solutions,0.72,22120.1496
18,23726.04,4.5,Qualified,77,APAC,Analytics,0.45,10676.718
19,25969.45,7.2,Prospecting,108,EMEA,Core Payments,0.48,12465.336
20,8813.9,12.1,Qualified,104,NA,Risk Solutions,0.74,6522.286
21,59303.28,15.1,Closed Lost,42,NA,Risk Solutions,0.71,42105.328799999996
22,24163.57,16.8,Prospecting,51,EMEA,Core Payments,0.75,18122.677499999998
23,17460.84,10.4,Closed Lost,89,APAC,VAS,0.49,8555.811599999999
24,74417.27,5.2,Closed Lost,115,NA,VAS,0.38,28278.5626
25,21434.74,14.0,Closed Won,56,EMEA,VAS,0.51,10931.717400000001
26,9224.26,11.1,Negotiation,87,APAC,Core Payments,0.93,8578.561800000001
27,17272.37,14.1,Prospecting,48,APAC,Risk Solutions,0.62,10708.8694
28,5580.37,12.8,Qualified,94,NA,Risk Solutions,0.72,4017.8664
29,41342.15,15.6,Closed Lost,61,NA,Analytics,0.42,17363.703
30,17156.21,15.3,Prospecting,88,NA,Analytics,0.8,13724.968
31,14107.59,16.2,Qualified,52,LATAM,VAS,0.88,12414.6792
32,41918.48,9.7,Closed Lost,85,LATAM,Analytics,0.85,35630.708
33,8179.24,17.0,Negotiation,28,APAC,Core Payments,0.47,3844.2427999999995
34,30371.43,9.5,Negotiation,99,NA,Analytics,0.36,10933.7148
35,6382.73,12.4,Prospecting,94,NA,VAS,0.65,4148.7744999999995
36,14804.77,21.3,Closed Lost,45,NA,Core Payments,0.63,9327.0051
37,10694.32,13.8,Closed Lost,14,EMEA,Risk Solutions,0.33,3529.1256
38,52954.34,6.2,Closed Lost,32,LATAM,Core Payments,0.21,11120.411399999999
39,63557.26,19.5,Closed Won,41,APAC,VAS,0.88,55930.3888
40,18076.21,17.0,Closed Won,70,EMEA,Analytics,0.81,14641.7301
41,36477.1,17.7,Negotiation,114,EMEA,Risk Solutions,0.52,18968.092
42,19771.72,13.0,Qualified,44,EMEA,Analytics,0.26,5140.6472
43,30971.95,13.7,Proposal,14,NA,Risk Solutions,0.6,18583.17
44,14020.81,10.8,Prospecting,84,NA,Risk Solutions,0.53,7431.0293
45,7902.99,8.5,Closed Won,76,EMEA,Risk Solutions,0.7,5532.093
46,7466.2,19.6,Prospecting,36,APAC,Risk Solutions,0.41,3061.142
47,27718.99,10.2,Prospecting,40,LATAM,VAS,0.46,12750.735400000001
48,84842.94,9.6,Qualified,100,EMEA,Analytics,0.69,58541.6286
49,25890.9,9.8,Negotiation,41,EMEA,Analytics,0.75,19418.175000000003
50,16078.48,21.3,Qualified,45,NA,Core Payments,0.37,5949.0376
51,69370.11,16.4,Proposal,72,LATAM,Core Payments,0.5,34685.055
52,25396.87,10.2,Prospecting,33,EMEA,Risk Solutions,0.78,19809.5586
53,23408.64,11.8,Prospecting,45,EMEA,Analytics,0.66,15449.7024
54,25630.71,14.6,Prospecting,79,EMEA,VAS,0.31,7945.5201
55,20344.66,16.4,Closed Won,105,APAC,Core Payments,0.45,9155.097
56,18293.74,3.9,Closed Won,107,LATAM,Analytics,0.71,12988.555400000001
57,9311.65,16.5,Closed Won,48,EMEA,Analytics,0.23,2141.6795
58,29761.61,10.9,Negotiation,62,NA,Risk Solutions,0.9,26785.449
59,20808.87,8.6,Closed Won,43,NA,Core Payments,0.76,15814.741199999999
60,45064.57,10.0,Qualified,87,APAC,Analytics,0.45,20279.0565
61,17653.85,16.0,Closed Lost,111,NA,Risk Solutions,0.26,4590.001
62,7017.61,20.8,Prospecting,74,LATAM,VAS,0.82,5754.440199999999
63,20748.59,12.7,Qualified,28,LATAM,Core Payments,0.27,5602.1193
64,61066.72,14.8,Negotiation,110,APAC,Core Payments,0.65,39693.368
65,17499.82,7.9,Closed Won,21,APAC,Risk Solutions,0.8,13999.856
66,12914.24,14.5,Negotiation,82,NA,Analytics,0.24,3099.4175999999998
67,10762.73,16.1,Prospecting,41,NA,Risk Solutions,0.83,8933.0659
68,11731.0,4.6,Proposal,41,LATAM,VAS,0.21,2463.5099999999998
69,18395.91,9.4,Closed Lost,7,LATAM,Risk Solutions,0.93,17108.1963
70,10850.98,16.0,Closed Won,94,EMEA,Analytics,0.58,6293.568399999999
71,54099.68,3.2,Proposal,33,APAC,Core Payments,0.65,35164.792
72,18590.74,10.1,Prospecting,115,APAC,Analytics,0.85,15802.129
73,23510.19,15.0,Negotiation,117,NA,Analytics,0.94,22099.578599999997
74,52205.53,3.5,Closed Lost,47,APAC,Core Payments,0.32,16705.7696
75,54284.34,10.0,Closed Lost,24,LATAM,Risk Solutions,0.25,13571.085
76,19387.04,12.3,Negotiation,83,NA,Analytics,0.86,16672.8544
77,26881.26,16.5,Qualified,57,LATAM,Risk Solutions,0.39,10483.6914
78,34235.42,5.6,Qualified,63,NA,Risk Solutions,0.57,19514.189399999996
79,19619.65,17.5,Qualified,113,LATAM,Risk Solutions,0.8,15695.720000000001
80,7579.42,13.5,Prospecting,12,EMEA,Core Payments,0.81,6139.3302
81,32624.65,18.0,Negotiation,67,EMEA,Risk Solutions,0.61,19901.036500000002
82,37669.7,17.8,Proposal,32,APAC,Core Payments,0.94,35409.518
83,28262.8,13.7,Closed Won,53,APAC,Core Payments,0.91,25719.148
84,12655.83,14.4,Prospecting,20,LATAM,VAS,0.37,4682.6571
85,19582.34,3.3,Closed Lost,77,NA,Risk Solutions,0.87,17036.6358
86,15452.69,5.2,Negotiation,20,LATAM,VAS,0.61,9426.1409
87,18401.24,7.0,Closed Lost,29,LATAM,Analytics,0.34,6256.421600000001
88,47960.41,10.3,Closed Lost,11,EMEA,Core Payments,0.5,23980.205
89,55146.46,16.7,Closed Lost,7,NA,Risk Solutions,0.46,25367.371600000002
90,32913.92,3.1,Prospecting,70,APAC,Analytics,0.85,27976.832
91,30615.05,10.4,Prospecting,26,LATAM,Analytics,0.87,26635.0935
92,33056.63,5.4,Qualified,28,EMEA,VAS,0.38,12561.5194
93,21865.27,4.2,Negotiation,14,EMEA,Core Payments,0.47,10276.6769
94,21048.87,19.4,Closed Won,108,EMEA,Analytics,0.22,4630.7514
95,14703.09,12.5,Proposal,77,APAC,Risk Solutions,0.22,3234.6798
96,21300.37,20.2,Negotiation,9,NA,Risk Solutions,0.43,9159.159099999999
97,85474.06,17.9,Negotiation,3,APAC,Risk Solutions,0.29,24787.477399999996
98,37101.91,7.4,Qualified,110,NA,VAS,0.85,31536.6235
99,17938.95,2.7,Closed Won,24,LATAM,Core Payments,0.94,16862.613
100,16594.79,22.4,Negotiation,58,NA,Core Payments,0.44,7301.707600000001
101,13112.3,10.0,Closed Lost,43,NA,Risk Solutions,0.24,3146.9519999999998
102,27573.82,6.3,Proposal,17,APAC,Analytics,0.37,10202.3134
103,27859.45,15.5,Prospecting,42,EMEA,VAS,0.71,19780.2095
104,9266.18,12.7,Closed Won,85,LATAM,Analytics,0.46,4262.442800000001
105,29489.84,8.6,Closed Won,67,NA,Analytics,0.68,20053.091200000003
106,15651.42,10.3,Qualified,76,NA,Risk Solutions,0.46,7199.653200000001
107,51845.98,12.8,Closed Lost,67,EMEA,VAS,0.47,24367.6106
108,24199.96,12.4,Negotiation,109,APAC,Analytics,0.38,9195.9848
109,61736.96,15.8,Qualified,63,NA,Core Payments,0.84,51859.0464
110,16732.76,10.2,Negotiation,107,NA,VAS,0.44,7362.4144
111,18531.17,10.3,Closed Won,47,APAC,Risk Solutions,0.25,4632.7925
112,26367.44,15.0,Closed Won,95,LATAM,Core Payments,0.71,18720.8824
113,41504.99,13.6,Closed Won,61,EMEA,Risk Solutions,0.7,29053.492999999995
114,30931.47,17.5,Prospecting,118,APAC,Risk Solutions,0.42,12991.2174
115,10507.93,10.8,Closed Won,78,APAC,Risk Solutions,0.86,9036.8198
116,24581.28,11.5,Qualified,104,LATAM,VAS,0.23,5653.6944
117,22322.42,6.2,Qualified,9,NA,Core Payments,0.93,20759.850599999998
118,17027.06,19.5,Closed Lost,95,LATAM,Core Payments,0.6,10216.236
119,14930.13,5.0,Closed Lost,47,APAC,Analytics,0.25,3732.5325
120,62852.52,13.0,Closed Won,15,EMEA,Risk Solutions,0.45,28283.634
121,17426.86,7.5,Qualified,103,NA,VAS,0.71,12373.0706
122,13259.19,13.7,Qualified,63,LATAM,Core Payments,0.88,11668.0872
123,32282.08,15.7,Negotiation,44,EMEA,Analytics,0.62,20014.889600000002
124,23822.21,3.8,Closed Won,80,EMEA,Core Payments,0.84,20010.6564
125,21046.97,10.9,Closed Won,108,NA,VAS,0.67,14101.469900000002
126,35199.29,3.2,Closed Won,74,LATAM,Core Payments,0.4,14079.716
127,29530.39,19.0,Prospecting,117,APAC,Core Payments,0.21,6201.381899999999
128,27373.04,9.8,Negotiation,73,LATAM,Core Payments,0.64,17518.745600000002
129,39281.95,4.1,Closed Won,6,NA,Risk Solutions,0.57,22390.711499999998
130,26112.83,8.5,Prospecting,28,APAC,Core Payments,0.55,14362.056500000002
131,15212.11,18.6,Prospecting,29,APAC,Analytics,0.25,3803.0275
132,17723.22,19.4,Closed Won,21,APAC,Core Payments,0.66,11697.325200000001
133,16113.56,18.4,Qualified,95,EMEA,Analytics,0.89,14341.0684
134,24980.06,8.1,Negotiation,41,APAC,VAS,0.71,17735.8426
135,11535.78,11.2,Proposal,64,NA,VAS,0.28,3230.0184000000004
136,7335.97,20.2,Prospecting,53,LATAM,VAS,0.57,4181.5028999999995
137,23222.87,8.3,Proposal,13,LATAM,VAS,0.8,18578.296
138,9878.22,10.3,Prospecting,72,LATAM,Analytics,0.84,8297.7048
139,6828.18,7.2,Prospecting,100,LATAM,Risk Solutions,0.43,2936.1174
140,27556.63,6.2,Qualified,70,LATAM,Core Payments,0.56,15431.712800000001
141,14376.76,18.0,Closed Lost,102,APAC,Risk Solutions,0.69,9919.964399999999
142,29663.58,15.2,Closed Lost,116,APAC,Analytics,0.39,11568.7962
143,16018.31,14.2,Negotiation,39,LATAM,Core Payments,0.24,3844.3943999999997
144,11235.38,14.9,Closed Lost,49,APAC,VAS,0.83,9325.365399999999
145,10445.11,17.1,Prospecting,63,APAC,VAS,0.41,4282.4951
146,16172.11,19.6,Qualified,99,LATAM,Core Payments,0.55,8894.660500000002
147,18694.23,12.0,Closed Won,62,EMEA,Core Payments,0.64,11964.3072
148,13439.1,10.3,Prospecting,15,APAC,Risk Solutions,0.21,2822.211
149,18607.78,6.9,Closed Won,92,NA,VAS,0.93,17305.2354
150,8763.39,17.4,Qualified,41,APAC,Core Payments,0.35,3067.1865
151,22218.78,9.4,Closed Lost,50,APAC,Risk Solutions,0.76,16886.2728
152,7508.65,4.5,Prospecting,9,LATAM,Core Payments,0.84,6307.266
153,19607.87,10.7,Closed Won,80,LATAM,Analytics,0.29,5686.282299999999
154,33469.05,12.1,Prospecting,100,NA,Risk Solutions,0.71,23763.0255
155,42411.01,16.2,Prospecting,87,APAC,Core Payments,0.52,22053.7252
156,61613.0,17.0,Negotiation,89,NA,Analytics,0.42,25877.46
157,8657.9,8.3,Proposal,6,APAC,VAS,0.48,4155.7919999999995
158,34725.69,8.0,Negotiation,70,EMEA,VAS,0.66,22918.955400000003
159,45422.79,10.4,Closed Won,59,APAC,VAS,0.76,34521.320400000004
160,39669.35,5.9,Closed Lost,19,EMEA,VAS,0.9,35702.415
161,12612.02,11.5,Closed Lost,117,NA,Risk Solutions,0.42,5297.0484
162,28200.02,14.3,Qualified,95,EMEA,Analytics,0.66,18612.0132
163,67240.66,12.2,Prospecting,25,APAC,Risk Solutions,0.59,39671.9894
164,8969.95,3.9,Qualified,3,LATAM,Analytics,0.33,2960.0835
165,29313.48,6.0,Prospecting,74,EMEA,Analytics,0.48,14070.4704
166,42932.07,18.4,Closed Lost,15,LATAM,Analytics,0.28,12020.9796
167,14502.05,6.9,Closed Lost,12,EMEA,Core Payments,0.6,8701.23
168,31250.24,15.7,Closed Lost,92,LATAM,Core Payments,0.31,9687.574400000001
169,11584.98,15.2,Closed Won,28,APAC,Core Payments,0.42,4865.691599999999
170,13530.14,10.4,Prospecting,57,EMEA,VAS,0.66,8929.8924
171,13490.65,7.0,Closed Won,53,APAC,Analytics,0.26,3507.569
172,24720.41,13.1,Closed Won,39,EMEA,Risk Solutions,0.24,5932.8984
173,20856.3,7.6,Proposal,61,EMEA,Analytics,0.76,15850.788
174,39044.96,11.1,Closed Lost,81,EMEA,Analytics,0.86,33578.6656
175,12529.39,12.5,Prospecting,114,EMEA,VAS,0.49,6139.4011
176,20358.11,8.4,Prospecting,103,APAC,VAS,0.6,12214.866
177,39208.38,10.9,Closed Won,77,EMEA,Risk Solutions,0.4,15683.351999999999
178,30836.87,10.5,Closed Won,114,APAC,Core Payments,0.7,21585.808999999997
179,9948.88,5.8,Proposal,65,NA,Risk Solutions,0.28,2785.6864
180,32830.79,11.0,Proposal,58,EMEA,VAS,0.4,13132.316
181,16530.28,8.8,Closed Lost,16,EMEA,Core Payments,0.42,6942.717599999999
182,27756.68,2.9,Closed Lost,17,APAC,Analytics,0.4,11102.672
183,26381.24,10.3,Negotiation,111,EMEA,Core Payments,0.88,23215.4912
184,45779.48,10.6,Prospecting,27,APAC,Core Payments,0.89,40743.7372
185,23622.05,9.0,Negotiation,96,LATAM,VAS,0.63,14881.8915
186,7242.46,1.7,Proposal,119,LATAM,Risk Solutions,0.26,1883.0396
187,9682.58,15.9,Prospecting,48,EMEA,VAS,0.43,4163.5094
188,34155.97,15.4,Closed Won,52,EMEA,Core Payments,0.87,29715.693900000002
189,18863.99,15.3,Proposal,66,APAC,Core Payments,0.62,11695.6738
190,43598.91,13.6,Prospecting,11,APAC,Core Payments,0.9,39239.01900000001
191,25953.54,5.7,Negotiation,106,LATAM,Risk Solutions,0.44,11419.5576
192,14052.57,12.6,Prospecting,100,EMEA,VAS,0.68,9555.7476
193,42169.14,7.4,Negotiation,38,NA,Risk Solutions,0.33,13915.816200000001
194,13569.25,22.9,Proposal,11,LATAM,Core Payments,0.86,11669.555
195,6428.0,9.4,Proposal,67,NA,Analytics,0.93,5978.04
196,75983.94,15.3,Closed Won,3,EMEA,VAS,0.68,51669.07920000001
197,6999.2,4.2,Proposal,51,EMEA,VAS,0.62,4339.504
198,32268.53,6.1,Closed Lost,101,NA,VAS,0.9,29041.677
199,38689.02,9.3,Closed Won,24,NA,Core Payments,0.38,14701.827599999999
200,24058.4,15.5,Closed Won,83,LATAM,Core Payments,0.86,20690.224000000002
201,8022.15,14.7,Prospecting,70,APAC,Risk Solutions,0.26,2085.759
202,40498.04,13.4,Proposal,84,LATAM,VAS,0.48,19439.0592
203,9274.96,2.7,Prospecting,100,APAC,VAS,0.72,6677.971199999999
204,9836.18,17.7,Negotiation,100,LATAM,Analytics,0.78,7672.2204
205,17729.74,7.4,Closed Lost,46,NA,Core Payments,0.48,8510.2752
206,35351.73,20.1,Qualified,10,LATAM,VAS,0.8,28281.384000000005
207,26372.27,21.3,Proposal,74,APAC,Risk Solutions,0.66,17405.698200000003
208,35827.14,16.1,Closed Lost,28,LATAM,Core Payments,0.57,20421.4698
209,16878.8,16.9,Closed Won,76,EMEA,VAS,0.44,7426.672
210,19864.51,5.7,Closed Lost,12,EMEA,Risk Solutions,0.67,13309.2217
211,11133.55,24.9,Prospecting,20,EMEA,Risk Solutions,0.94,10465.536999999998
212,18212.81,13.1,Closed Won,19,EMEA,Analytics,0.76,13841.735600000002
213,31441.28,17.0,Negotiation,108,APAC,Risk Solutions,0.26,8174.7328
214,18399.95,7.7,Closed Lost,79,NA,Risk Solutions,0.32,5887.984
215,29298.04,11.7,Proposal,27,LATAM,VAS,0.92,26954.1968
216,15615.75,6.1,Proposal,61,NA,Analytics,0.41,6402.4574999999995
217,15437.66,10.8,Proposal,65,LATAM,VAS,0.93,14357.0238
218,22550.24,12.1,Qualified,37,EMEA,Core Payments,0.36,8118.0864
219,19595.81,13.3,Closed Won,85,APAC,Core Payments,0.36,7054.4916
220,31427.27,19.0,Negotiation,18,APAC,VAS,0.93,29227.361100000002
221,24513.37,14.4,Closed Lost,88,NA,VAS,0.7,17159.358999999997
222,62580.42,13.2,Closed Won,15,APAC,VAS,0.87,54444.9654
223,19308.55,12.2,Negotiation,91,NA,Analytics,0.91,17570.7805
224,19218.88,22.1,Proposal,109,EMEA,VAS,0.25,4804.72
225,11800.79,9.1,Closed Won,6,EMEA,Core Payments,0.35,4130.2765
226,22329.56,17.9,Proposal,38,EMEA,Core Payments,0.31,6922.163600000001
227,33179.83,2.2,Negotiation,74,APAC,Core Payments,0.42,13935.5286
228,14126.71,7.6,Negotiation,117,NA,Analytics,0.34,4803.0814
229,21379.69,14.1,Negotiation,82,LATAM,Risk Solutions,0.39,8338.079099999999
230,33898.77,11.2,Proposal,65,EMEA,Risk Solutions,0.45,15254.446499999998
231,20411.52,27.0,Closed Won,41,NA,Risk Solutions,0.31,6327.5712
232,16131.31,24.9,Closed Won,109,LATAM,Analytics,0.45,7259.0895
233,39492.1,4.4,Closed Won,119,NA,Risk Solutions,0.79,31198.759000000002
234,23346.72,6.6,Proposal,35,LATAM,VAS,0.72,16809.6384
235,27943.47,11.3,Closed Lost,79,EMEA,Analytics,0.26,7265.302200000001
236,44481.83,20.7,Negotiation,105,APAC,Core Payments,0.41,18237.5503
237,43791.26,17.7,Proposal,12,APAC,VAS,0.48,21019.8048
238,17884.28,13.6,Proposal,9,LATAM,Core Payments,0.9,16095.851999999999
239,16070.53,4.9,Prospecting,17,EMEA,Analytics,0.56,8999.4968
240,26123.36,7.8,Prospecting,44,NA,VAS,0.59,15412.7824
241,20339.65,-1.4,Qualified,105,LATAM,Core Payments,0.36,7322.274
242,7045.07,4.3,Qualified,25,NA,Analytics,0.23,1620.3661
243,47345.03,14.1,Prospecting,118,EMEA,Risk Solutions,0.55,26039.7665
244,22283.83,16.0,Proposal,32,APAC,Analytics,0.52,11587.591600000002
245,34263.19,5.5,Negotiation,109,NA,Analytics,0.85,29123.7115
246,10897.08,12.6,Qualified,8,LATAM,Risk Solutions,0.73,7954.868399999999
247,47711.23,20.2,Negotiation,28,NA,Analytics,0.56,26718.288800000006
248,15475.95,12.8,Closed Won,60,NA,Analytics,0.22,3404.7090000000003
249,20648.54,10.5,Closed Won,24,APAC,Analytics,0.85,17551.259000000002
250,9500.93,15.1,Proposal,40,LATAM,Analytics,0.37,3515.3441000000003
251,19926.99,14.7,Prospecting,41,EMEA,VAS,0.55,10959.844500000001
252,19189.48,12.4,Closed Lost,35,APAC,Analytics,0.6,11513.688
253,19708.07,9.3,Qualified,8,LATAM,Risk Solutions,0.61,12021.9227
254,28655.56,9.9,Proposal,107,LATAM,Core Payments,0.66,18912.6696
255,22838.6,12.5,Closed Lost,50,LATAM,Risk Solutions,0.85,19412.809999999998
256,39555.88,9.3,Negotiation,79,EMEA,Risk Solutions,0.37,14635.675599999999
257,16632.35,18.7,Prospecting,90,EMEA,VAS,0.93,15468.0855
258,12117.31,16.5,Closed Lost,53,NA,Risk Solutions,0.53,6422.1743
259,21775.4,17.5,Closed Lost,70,LATAM,VAS,0.84,18291.336
260,32113.15,22.2,Closed Lost,51,LATAM,Risk Solutions,0.73,23442.5995
261,46480.36,19.9,Prospecting,107,EMEA,Core Payments,0.7,32536.251999999997
262,35894.98,19.1,Closed Won,32,APAC,VAS,0.34,12204.293200000002
263,7636.81,13.9,Closed Won,103,NA,Risk Solutions,0.85,6491.288500000001
264,27618.33,11.1,Negotiation,49,APAC,Core Payments,0.27,7456.949100000001
265,52903.41,23.5,Prospecting,44,NA,VAS,0.44,23277.5004
266,22869.19,8.7,Negotiation,29,LATAM,VAS,0.28,6403.3732
267,16161.3,8.9,Proposal,95,APAC,Risk Solutions,0.41,6626.132999999999
268,26515.81,7.7,Closed Lost,7,EMEA,Analytics,0.84,22273.2804
269,16285.9,13.1,Closed Won,23,EMEA,VAS,0.84,13680.155999999999
270,32320.85,14.1,Negotiation,63,LATAM,Risk Solutions,0.82,26503.096999999998
271,21855.4,17.2,Qualified,72,APAC,Core Payments,0.32,6993.728000000001
272,50807.54,10.9,Negotiation,55,APAC,Risk Solutions,0.59,29976.4486
273,29723.75,3.4,Qualified,11,LATAM,Analytics,0.69,20509.387499999997
274,14266.5,13.6,Negotiation,3,NA,Analytics,0.91,12982.515000000001
275,31659.03,16.9,Closed Lost,60,NA,VAS,0.54,17095.8762
276,38623.15,12.2,Qualified,34,EMEA,Core Payments,0.65,25105.0475
277,15660.96,11.4,Closed Lost,63,APAC,Risk Solutions,0.47,7360.651199999999
278,17060.54,14.8,Negotiation,61,NA,Core Payments,0.83,14160.2482
279,5524.18,19.2,Prospecting,53,EMEA,VAS,0.86,4750.794800000001
280,37874.89,11.7,Prospecting,47,LATAM,Core Payments,0.91,34466.149900000004
281,15480.67,4.9,Prospecting,73,APAC,Core Payments,0.9,13932.603000000001
282,6164.67,9.2,Closed Lost,12,NA,Analytics,0.26,1602.8142
283,7621.56,11.2,Closed Lost,36,NA,Risk Solutions,0.75,5716.17
284,19268.56,3.0,Closed Lost,105,LATAM,Risk Solutions,0.54,10405.022400000002
285,34766.03,15.9,Prospecting,7,LATAM,Core Payments,0.89,30941.7667
286,20880.3,8.2,Closed Won,26,APAC,Core Payments,0.52,10857.756
287,29233.38,14.6,Closed Won,116,NA,Core Payments,0.27,7893.012600000001
288,11374.17,13.0,Closed Lost,33,NA,Analytics,0.61,6938.2437
289,9849.55,10.5,Qualified,98,APAC,Analytics,0.26,2560.883
290,37475.12,20.2,Qualified,111,NA,Analytics,0.41,15364.7992
291,29592.81,9.2,Closed Lost,116,APAC,Core Payments,0.94,27817.2414
292,21626.93,8.6,Closed Lost,23,APAC,Core Payments,0.94,20329.3142
293,47536.62,13.5,Prospecting,42,LATAM,Risk Solutions,0.73,34701.7326
294,12447.63,16.2,Proposal,67,APAC,Risk Solutions,0.56,6970.6728
295,17117.22,12.0,Closed Lost,43,EMEA,Analytics,0.2,3423.4440000000004
296,40774.93,7.1,Closed Lost,60,APAC,Risk Solutions,0.45,18348.7185
297,66348.51,15.5,Prospecting,32,EMEA,Core Payments,0.41,27202.889099999997
298,22138.1,15.0,Proposal,10,APAC,Risk Solutions,0.62,13725.622
299,60337.65,22.4,Closed Lost,29,NA,Analytics,0.6,36202.59
300,15344.21,10.9,Qualified,84,NA,Core Payments,0.72,11047.831199999999
301,26845.4,13.1,Negotiation,76,EMEA,VAS,0.72,19328.688000000002
302,19844.97,9.2,Prospecting,45,NA,VAS,0.66,13097.6802
303,8493.45,4.6,Closed Lost,60,LATAM,VAS,0.69,5860.4805
304,25713.82,12.4,Closed Lost,79,LATAM,VAS,0.29,7457.007799999999
305,38547.63,16.3,Negotiation,100,APAC,Risk Solutions,0.24,9251.431199999999
306,20151.62,6.9,Closed Lost,19,APAC,Analytics,0.44,8866.7128
307,21114.75,8.6,Closed Won,5,EMEA,Core Payments,0.69,14569.1775
308,50805.32,6.1,Qualified,113,NA,Core Payments,0.23,11685.223600000001
309,10406.35,18.7,Qualified,48,NA,VAS,0.7,7284.445
310,8968.26,8.8,Closed Lost,65,APAC,Analytics,0.77,6905.5602
311,14877.07,14.9,Prospecting,27,LATAM,Risk Solutions,0.82,12199.1974
312,10743.18,7.7,Qualified,28,LATAM,Analytics,0.63,6768.2034
313,49403.35,12.4,Qualified,80,APAC,Analytics,0.58,28653.942999999996
314,26524.22,8.9,Closed Won,4,LATAM,VAS,0.48,12731.6256
315,13115.42,0.3,Prospecting,43,APAC,Analytics,0.81,10623.4902
316,15234.42,12.4,Proposal,80,NA,Risk Solutions,0.84,12796.9128
317,122594.85,14.6,Closed Lost,110,LATAM,Risk Solutions,0.6,73556.91
318,15274.59,1.6,Qualified,21,APAC,VAS,0.8,12219.672
319,13943.73,11.1,Negotiation,54,LATAM,VAS,0.55,7669.0515000000005
320,26438.7,9.8,Negotiation,85,EMEA,Analytics,0.8,21150.960000000003
321,32304.17,6.6,Closed Won,86,EMEA,VAS,0.8,25843.336
322,25159.96,10.7,Prospecting,37,APAC,Risk Solutions,0.88,22140.7648
323,12769.62,2.3,Qualified,56,LATAM,Risk Solutions,0.63,8044.860600000001
324,10987.22,13.3,Qualified,103,APAC,Analytics,0.9,9888.498
325,31498.16,17.9,Prospecting,112,NA,Risk Solutions,0.89,28033.3624
326,21321.81,5.7,Proposal,49,EMEA,VAS,0.43,9168.3783
327,8226.7,11.7,Qualified,27,NA,VAS,0.34,2797.0780000000004
328,44471.36,19.1,Closed Won,69,LATAM,Risk Solutions,0.73,32464.0928
329,35073.37,12.6,Qualified,95,EMEA,VAS,0.5,17536.685
330,19061.53,9.4,Proposal,19,NA,VAS,0.86,16392.9158
331,18841.96,7.4,Closed Lost,12,NA,Analytics,0.21,3956.8115999999995
332,25308.0,12.9,Qualified,75,LATAM,VAS,0.34,8604.720000000001
333,14585.66,11.3,Closed Won,36,LATAM,Risk Solutions,0.31,4521.5545999999995
334,9808.58,15.2,Closed Lost,31,LATAM,Analytics,0.25,2452.145
335,26729.17,4.4,Qualified,63,EMEA,Risk Solutions,0.22,5880.417399999999
336,9288.65,17.4,Closed Lost,15,NA,VAS,0.2,1857.73
337,27845.76,10.0,Closed Won,14,APAC,Analytics,0.27,7518.3552
338,9276.83,15.2,Qualified,115,EMEA,VAS,0.22,2040.9026
339,20753.59,8.4,Qualified,80,LATAM,VAS,0.51,10584.3309
340,20304.81,5.5,Proposal,81,NA,Core Payments,0.58,11776.7898
341,64188.39,9.2,Closed Lost,65,LATAM,VAS,0.42,26959.123799999998
342,11630.31,7.2,Qualified,48,NA,Analytics,0.57,6629.276699999999
343,9424.17,10.1,Proposal,74,NA,Risk Solutions,0.27,2544.5259
344,14947.41,15.2,Negotiation,32,LATAM,Risk Solutions,0.93,13901.0913
345,11223.45,17.4,Proposal,64,APAC,Analytics,0.4,4489.38
346,15462.03,13.0,Closed Won,89,LATAM,Analytics,0.78,12060.3834
347,28352.79,9.3,Negotiation,22,NA,Core Payments,0.42,11908.1718
348,35002.91,9.7,Closed Won,97,APAC,Analytics,0.94,32902.735400000005
349,59619.43,15.0,Negotiation,105,LATAM,Analytics,0.36,21462.9948
350,14157.44,17.7,Negotiation,53,EMEA,Risk Solutions,0.22,3114.6368
351,107272.04,10.4,Closed Won,73,NA,Risk Solutions,0.45,48272.418
352,72352.93,11.4,Negotiation,89,EMEA,VAS,0.24,17364.703199999996
353,19494.43,8.2,Negotiation,71,LATAM,Core Payments,0.95,18519.7085
354,5569.99,13.0,Closed Lost,112,NA,VAS,0.94,5235.790599999999
355,20955.0,16.8,Proposal,24,APAC,Risk Solutions,0.39,8172.450000000001
356,23005.87,-2.5,Qualified,26,NA,Risk Solutions,0.24,5521.408799999999
357,5543.88,13.3,Closed Won,109,LATAM,VAS,0.81,4490.5428
358,23024.15,9.2,Proposal,64,EMEA,VAS,0.9,20721.735
359,19533.91,0.4,Proposal,31,EMEA,Risk Solutions,0.91,17775.8581
360,13746.96,13.6,Qualified,104,APAC,Core Payments,0.85,11684.916
361,32079.66,11.6,Closed Lost,79,EMEA,Risk Solutions,0.58,18606.2028
362,40263.84,13.8,Closed Lost,83,LATAM,Risk Solutions,0.33,13287.0672
363,16453.5,5.2,Proposal,99,EMEA,Core Payments,0.53,8720.355
364,25277.95,22.7,Closed Lost,101,APAC,VAS,0.32,8088.944
365,14870.35,12.6,Qualified,113,NA,Core Payments,0.74,11004.059
366,13739.59,10.3,Closed Lost,75,LATAM,Risk Solutions,0.69,9480.3171
367,23102.54,19.6,Negotiation,42,APAC,Core Payments,0.54,12475.3716
368,30153.4,15.3,Prospecting,91,EMEA,Analytics,0.79,23821.186
369,15709.55,16.2,Closed Lost,75,LATAM,Risk Solutions,0.71,11153.780499999999
370,5835.98,17.8,Proposal,91,LATAM,Risk Solutions,0.33,1925.8734
371,31303.05,1.6,Closed Won,78,LATAM,Risk Solutions,0.49,15338.494499999999
372,8451.21,20.3,Prospecting,17,LATAM,Core Payments,0.72,6084.8712
373,23699.26,10.3,Negotiation,58,APAC,Risk Solutions,0.55,13034.593
374,64049.77,13.4,Closed Lost,21,APAC,Risk Solutions,0.81,51880.3137
375,21805.17,16.6,Closed Lost,101,NA,Core Payments,0.93,20278.8081
376,10787.57,8.4,Closed Lost,23,APAC,Core Payments,0.93,10032.4401
377,9166.33,13.6,Proposal,91,EMEA,Core Payments,0.58,5316.471399999999
378,44456.96,15.8,Closed Won,58,EMEA,Risk Solutions,0.51,22673.0496
379,21803.61,11.8,Proposal,95,APAC,Risk Solutions,0.62,13518.2382
380,30450.06,14.5,Negotiation,83,NA,VAS,0.7,21315.042
381,38398.78,4.0,Negotiation,89,APAC,VAS,0.94,36094.8532
382,21388.29,6.0,Prospecting,9,EMEA,Analytics,0.68,14544.037200000002
383,18303.31,6.2,Prospecting,93,LATAM,Risk Solutions,0.79,14459.614900000002
384,12476.37,13.9,Negotiation,78,APAC,VAS,0.93,11603.0241
385,3465.1,30.7,Qualified,55,LATAM,Analytics,0.67,2321.617
386,8859.09,13.3,Prospecting,62,EMEA,Risk Solutions,0.83,7353.0446999999995
387,21125.66,11.3,Closed Won,118,NA,Analytics,0.54,11407.8564
388,19827.85,11.7,Proposal,89,NA,Core Payments,0.55,10905.3175
389,28061.0,16.9,Prospecting,85,EMEA,Analytics,0.48,13469.279999999999
390,20414.24,15.6,Prospecting,34,APAC,Core Payments,0.32,6532.5568
391,24236.49,6.3,Closed Lost,68,EMEA,Analytics,0.38,9209.8662
392,35336.77,17.1,Proposal,11,EMEA,Core Payments,0.92,32509.8284
393,12951.58,11.9,Closed Lost,60,NA,Risk Solutions,0.42,5439.6636
394,18540.36,16.1,Closed Won,20,LATAM,Core Payments,0.38,7045.3368
395,8397.36,2.0,Closed Lost,16,LATAM,Risk Solutions,0.74,6214.0464
396,39487.35,4.2,Closed Won,62,APAC,Core Payments,0.66,26061.651
397,22540.09,15.0,Closed Lost,12,NA,Risk Solutions,0.5,11270.045
398,29551.6,3.0,Closed Lost,84,EMEA,Analytics,0.46,13593.736
399,55575.06,13.9,Closed Won,33,APAC,VAS,0.33,18339.769800000002
400,42096.82,13.7,Negotiation,4,APAC,VAS,0.26,10945.173200000001
401,21247.6,12.7,Proposal,43,APAC,Core Payments,0.24,5099.423999999999
402,35334.36,13.8,Proposal,81,LATAM,Risk Solutions,0.42,14840.431199999999
403,9329.88,13.3,Closed Won,88,LATAM,Analytics,0.58,5411.330399999999
404,28576.66,14.2,Closed Lost,79,LATAM,Analytics,0.57,16288.696199999998
405,23940.96,10.0,Prospecting,15,EMEA,VAS,0.72,17237.4912
406,8341.84,11.9,Negotiation,44,LATAM,VAS,0.86,7173.9824
407,49138.2,26.6,Qualified,76,LATAM,Risk Solutions,0.6,29482.92
408,14437.06,17.7,Qualified,7,LATAM,Risk Solutions,0.43,6207.935799999999
409,33187.79,15.1,Closed Won,95,NA,Core Payments,0.92,30532.7668
410,17120.62,14.0,Closed Lost,70,APAC,Analytics,0.33,5649.8045999999995
411,39979.65,8.4,Prospecting,117,APAC,VAS,0.68,27186.162000000004
412,48404.94,13.1,Closed Lost,34,APAC,VAS,0.35,16941.729
413,13386.08,10.8,Prospecting,51,APAC,Analytics,0.63,8433.2304
414,8793.44,16.7,Negotiation,32,LATAM,VAS,0.94,8265.8336
415,20356.47,7.4,Negotiation,45,EMEA,VAS,0.3,6106.941
416,36656.64,0.2,Negotiation,65,LATAM,VAS,0.86,31524.7104
417,17627.45,9.2,Closed Won,52,NA,VAS,0.31,5464.5095
418,15243.16,15.5,Qualified,108,NA,VAS,0.77,11737.2332
419,29524.31,24.3,Proposal,86,NA,Analytics,0.49,14466.911900000001
420,4201.05,17.1,Closed Won,39,EMEA,Core Payments,0.58,2436.609
421,14782.08,7.1,Closed Lost,85,APAC,Analytics,0.5,7391.04
422,9601.96,10.9,Prospecting,77,NA,VAS,0.89,8545.7444
423,26288.54,7.2,Closed Won,6,LATAM,Risk Solutions,0.58,15247.3532
424,14161.05,11.1,Closed Lost,99,APAC,Analytics,0.65,9204.682499999999
425,11281.27,7.5,Closed Lost,107,NA,Risk Solutions,0.6,6768.762
426,17813.31,3.8,Qualified,40,LATAM,VAS,0.53,9441.054300000002
427,9126.66,14.2,Negotiation,102,NA,Core Payments,0.37,3376.8642
428,21853.71,13.0,Prospecting,108,APAC,Analytics,0.45,9834.1695
429,14626.3,11.1,Negotiation,38,EMEA,Core Payments,0.82,11993.565999999999
430,17562.98,13.7,Proposal,76,NA,Analytics,0.57,10010.898599999999
431,14324.36,22.2,Negotiation,96,EMEA,Analytics,0.55,7878.398000000001
432,38076.7,12.6,Closed Lost,8,APAC,Risk Solutions,0.71,27034.456999999995
433,20633.84,10.1,Negotiation,67,LATAM,Risk Solutions,0.9,18570.456000000002
434,30173.13,16.3,Qualified,108,APAC,VAS,0.38,11465.7894
435,29374.18,3.8,Negotiation,72,LATAM,Risk Solutions,0.84,24674.3112
436,13579.4,15.8,Closed Lost,102,LATAM,Analytics,0.83,11270.902
437,31007.49,8.1,Proposal,76,LATAM,Risk Solutions,0.38,11782.8462
438,27159.04,7.9,Qualified,106,APAC,Analytics,0.32,8690.8928
439,26587.31,12.5,Closed Lost,41,EMEA,Core Payments,0.92,24460.325200000003
440,17340.22,20.4,Proposal,42,APAC,Risk Solutions,0.41,7109.4902
441,17049.8,8.3,Prospecting,108,APAC,VAS,0.25,4262.45
442,35289.16,16.8,Proposal,18,NA,VAS,0.31,10939.6396
443,81566.65,13.9,Closed Lost,13,EMEA,VAS,0.43,35073.659499999994
444,13385.45,5.0,Prospecting,9,LATAM,Core Payments,0.23,3078.6535000000003
445,30353.56,16.6,Closed Won,27,NA,VAS,0.48,14569.7088
446,17681.05,7.9,Qualified,83,APAC,VAS,0.63,11139.0615
447,35274.44,4.6,Closed Won,18,NA,Risk Solutions,0.79,27866.807600000004
448,28652.27,8.0,Closed Won,94,EMEA,Analytics,0.84,24067.9068
449,41609.15,8.4,Proposal,42,EMEA,VAS,0.85,35367.777500000004
450,4118.03,15.0,Prospecting,100,EMEA,Risk Solutions,0.9,3706.227
451,15357.36,8.3,Closed Lost,109,APAC,Core Payments,0.51,7832.2536
452,12174.38,19.5,Negotiation,49,APAC,Analytics,0.79,9617.7602
453,20644.57,13.1,Closed Won,24,EMEA,Risk Solutions,0.67,13831.8619
454,14266.66,8.4,Qualified,47,NA,Risk Solutions,0.23,3281.3318
455,14994.14,7.8,Prospecting,103,LATAM,Core Payments,0.35,5247.949
456,33160.54,13.1,Closed Won,96,APAC,VAS,0.36,11937.7944
457,68951.38,1.9,Negotiation,109,EMEA,Analytics,0.36,24822.4968
458,4046.88,1.1,Qualified,16,EMEA,VAS,0.36,1456.8768
459,18283.06,7.6,Qualified,66,LATAM,Analytics,0.44,8044.5464
460,26561.88,15.1,Negotiation,109,LATAM,Risk Solutions,0.35,9296.658
461,22089.11,12.9,Prospecting,12,NA,Core Payments,0.38,8393.8618
462,17906.5,12.1,Closed Won,68,NA,Analytics,0.37,6625.405
463,9778.29,10.9,Negotiation,75,NA,VAS,0.68,6649.237200000001
464,12511.41,1.1,Qualified,63,LATAM,Risk Solutions,0.42,5254.7922
465,34029.71,10.4,Closed Lost,37,APAC,Analytics,0.29,9868.615899999999
466,42001.37,3.1,Proposal,108,EMEA,Analytics,0.88,36961.2056
467,23341.89,16.2,Negotiation,118,EMEA,Risk Solutions,0.5,11670.945
468,13336.99,12.0,Negotiation,7,APAC,Core Payments,0.93,12403.4007
469,23328.4,11.6,Prospecting,111,APAC,Core Payments,0.7,16329.88
470,19071.99,14.0,Proposal,41,LATAM,VAS,0.36,6865.9164
471,30557.42,13.6,Negotiation,38,APAC,Analytics,0.3,9167.225999999999
472,23646.71,13.2,Negotiation,78,EMEA,VAS,0.84,19863.236399999998
473,15167.74,13.7,Closed Won,55,APAC,VAS,0.42,6370.4508
474,24696.18,9.1,Closed Won,26,NA,VAS,0.24,5927.0832
475,10854.74,5.3,Qualified,56,NA,Core Payments,0.7,7598.317999999999
476,36026.4,13.7,Proposal,62,LATAM,VAS,0.21,7565.544
477,44774.82,19.2,Prospecting,84,LATAM,Core Payments,0.26,11641.4532
478,10860.61,17.1,Proposal,11,EMEA,VAS,0.77,8362.6697
479,28356.97,10.9,Closed Won,40,NA,Analytics,0.41,11626.3577
480,12151.92,15.1,Negotiation,7,LATAM,VAS,0.77,9356.9784
481,41898.72,9.8,Proposal,4,NA,VAS,0.64,26815.180800000002
482,37891.09,13.9,Qualified,77,NA,Analytics,0.25,9472.7725
483,19185.17,9.0,Prospecting,94,EMEA,Core Payments,0.89,17074.8013
484,40013.02,12.7,Closed Lost,88,NA,Core Payments,0.45,18005.859
485,17006.4,22.0,Negotiation,40,APAC,Analytics,0.73,12414.672
486,14975.85,15.9,Closed Won,75,APAC,Core Payments,0.68,10183.578000000001
487,15658.48,19.5,Proposal,68,LATAM,Analytics,0.49,7672.655199999999
488,20241.49,8.1,Prospecting,33,NA,VAS,0.86,17407.6814
489,18141.42,8.6,Proposal,96,APAC,Core Payments,0.25,4535.355
490,24163.7,11.8,Qualified,23,LATAM,Core Payments,0.43,10390.391
491,15229.12,14.8,Closed Lost,105,NA,Risk Solutions,0.89,13553.9168
492,34850.32,11.0,Closed Lost,57,APAC,Core Payments,0.35,12197.612
493,40642.99,17.1,Closed Won,43,EMEA,Risk Solutions,0.52,21134.3548
494,16358.17,9.2,Proposal,110,APAC,VAS,0.84,13740.862799999999
495,9355.27,18.8,Closed Lost,4,EMEA,VAS,0.39,3648.5553000000004
496,34007.08,16.8,Qualified,13,APAC,Core Payments,0.42,14282.9736
497,43614.02,6.4,Prospecting,94,NA,Core Payments,0.37,16137.187399999999
498,19971.29,14.9,Closed Won,44,LATAM,Analytics,0.75,14978.4675
499,10179.08,10.9,Prospecting,49,EMEA,Risk Solutions,0.59,6005.6572
500,25849.76,17.1,Closed Lost,116,LATAM,Core Payments,0.52,13441.8752
501,54984.18,9.3,Closed Lost,98,NA,Risk Solutions,0.86,47286.3948
502,7145.26,13.6,Qualified,17,LATAM,Core Payments,0.7,5001.682
503,29341.42,14.7,Closed Lost,43,APAC,Core Payments,0.3,8802.426
504,18248.16,-1.8,Closed Won,41,EMEA,VAS,0.93,16970.788800000002
505,13181.84,2.6,Proposal,44,APAC,Core Payments,0.7,9227.287999999999
506,29700.52,12.6,Closed Won,61,APAC,Core Payments,0.82,24354.4264
507,10104.16,11.4,Prospecting,48,NA,Core Payments,0.62,6264.5792
508,26322.17,17.1,Closed Lost,100,APAC,Analytics,0.93,24479.6181
509,48433.91,13.1,Prospecting,9,EMEA,Risk Solutions,0.48,23248.2768
510,24489.84,5.6,Qualified,100,APAC,Core Payments,0.54,13224.5136
511,13019.54,13.6,Proposal,66,LATAM,Core Payments,0.6,7811.724
512,7573.53,8.2,Closed Lost,96,APAC,Analytics,0.44,3332.3532
513,10206.96,10.9,Prospecting,34,EMEA,VAS,0.59,6022.106399999999
514,7297.35,9.5,Closed Lost,89,APAC,Core Payments,0.89,6494.641500000001
515,57513.76,13.7,Closed Won,77,EMEA,Analytics,0.76,43710.4576
516,18964.22,4.9,Closed Won,24,LATAM,Core Payments,0.35,6637.477
517,11765.2,6.4,Closed Lost,98,LATAM,Core Payments,0.78,9176.856000000002
518,10107.92,0.9,Closed Won,84,LATAM,Core Payments,0.26,2628.0592
519,11610.36,22.7,Negotiation,98,APAC,Core Payments,0.33,3831.4188000000004
520,18006.61,7.0,Proposal,48,LATAM,Risk Solutions,0.5,9003.305
521,10202.96,7.7,Qualified,75,EMEA,Risk Solutions,0.68,6938.0127999999995
522,60221.49,6.2,Qualified,90,LATAM,VAS,0.31,18668.6619
523,14066.71,8.8,Closed Won,22,EMEA,Core Payments,0.64,9002.6944
524,13772.79,9.8,Qualified,78,EMEA,Risk Solutions,0.63,8676.8577
525,26493.51,15.1,Closed Lost,20,EMEA,Core Payments,0.91,24109.0941
526,52593.65,12.9,Closed Won,76,APAC,Core Payments,0.45,23667.1425
527,48746.35,13.6,Closed Lost,114,APAC,Core Payments,0.91,44359.1785
528,16437.3,9.0,Closed Lost,5,LATAM,Analytics,0.41,6739.293
529,25674.58,11.6,Negotiation,108,LATAM,Risk Solutions,0.84,21566.6472
530,24090.61,18.1,Closed Won,39,EMEA,Risk Solutions,0.7,16863.427
531,30270.74,11.9,Proposal,40,NA,Risk Solutions,0.68,20584.1032
532,25678.85,13.5,Prospecting,32,EMEA,Analytics,0.51,13096.2135
533,12502.74,1.9,Proposal,116,LATAM,Analytics,0.28,3500.7672000000002
534,10341.15,14.6,Negotiation,80,EMEA,VAS,0.54,5584.2210000000005
535,24474.65,13.3,Proposal,50,LATAM,VAS,0.55,13461.057500000003
536,10827.85,18.4,Proposal,92,EMEA,Risk Solutions,0.65,7038.102500000001
537,49907.87,-1.8,Closed Won,50,NA,VAS,0.25,12476.9675
538,22560.55,12.1,Closed Won,117,LATAM,VAS,0.56,12633.908000000001
539,11900.71,11.4,Negotiation,19,LATAM,Risk Solutions,0.87,10353.617699999999
540,18160.77,12.4,Closed Lost,10,EMEA,Core Payments,0.85,15436.6545
541,16246.22,8.8,Prospecting,12,APAC,Core Payments,0.53,8610.4966
542,20358.55,13.0,Qualified,9,NA,VAS,0.59,12011.544499999998
543,38851.79,15.4,Proposal,72,LATAM,Analytics,0.87,33801.0573
544,9258.93,12.2,Closed Lost,68,LATAM,Risk Solutions,0.95,8795.9835
545,7182.87,10.5,Prospecting,40,EMEA,Risk Solutions,0.38,2729.4906
546,26979.45,10.9,Negotiation,90,LATAM,Risk Solutions,0.62,16727.259000000002
547,19803.82,10.0,Proposal,97,NA,Analytics,0.63,12476.4066
548,24292.79,12.1,Qualified,102,APAC,Risk Solutions,0.61,14818.6019
549,28759.63,8.3,Closed Lost,109,LATAM,Analytics,0.4,11503.852
550,19759.13,1.9,Prospecting,86,EMEA,VAS,0.78,15412.121400000002
551,35589.78,18.7,Negotiation,4,EMEA,VAS,0.64,22777.4592
552,12889.9,3.1,Negotiation,66,LATAM,Risk Solutions,0.61,7862.839
553,22893.92,11.3,Negotiation,83,LATAM,Analytics,0.29,6639.236799999999
554,13380.35,5.4,Qualified,90,EMEA,Analytics,0.79,10570.4765
555,11181.96,10.4,Prospecting,6,APAC,Risk Solutions,0.48,5367.340799999999
556,31865.19,7.0,Prospecting,25,APAC,VAS,0.68,21668.3292
557,30990.37,11.7,Proposal,39,NA,VAS,0.52,16114.9924
558,6869.26,7.7,Proposal,106,EMEA,VAS,0.21,1442.5446
559,11235.13,5.4,Prospecting,31,NA,Analytics,0.85,9549.860499999999
560,26243.95,13.4,Negotiation,51,APAC,Risk Solutions,0.61,16008.8095
561,41862.23,18.5,Negotiation,69,EMEA,Analytics,0.3,12558.669
562,14771.04,13.6,Closed Lost,48,NA,Core Payments,0.54,7976.361600000001
563,19726.42,12.4,Closed Lost,86,NA,Risk Solutions,0.35,6904.246999999999
564,9433.21,6.6,Closed Lost,45,APAC,Analytics,0.88,8301.2248
565,99358.2,11.4,Proposal,25,APAC,Analytics,0.55,54647.01
566,29292.09,14.1,Closed Won,109,NA,Core Payments,0.35,10252.2315
567,37675.6,8.6,Closed Won,34,NA,Analytics,0.83,31270.747999999996
568,32689.61,16.3,Qualified,56,NA,Analytics,0.7,22882.727
569,38559.05,11.6,Qualified,114,APAC,Risk Solutions,0.38,14652.439000000002
570,31724.67,13.6,Prospecting,79,APAC,Core Payments,0.66,20938.2822
571,18013.69,9.3,Prospecting,91,LATAM,VAS,0.34,6124.6546
572,34420.51,9.4,Proposal,22,LATAM,Risk Solutions,0.78,26847.9978
573,23097.6,12.9,Closed Won,61,APAC,Core Payments,0.52,12010.752
574,47951.51,13.7,Qualified,106,EMEA,Risk Solutions,0.81,38840.7231
575,14167.01,13.5,Prospecting,39,EMEA,Core Payments,0.27,3825.0927
576,15918.6,6.7,Closed Lost,21,EMEA,Analytics,0.42,6685.812
577,32751.12,8.1,Prospecting,11,APAC,Core Payments,0.55,18013.116
578,47466.87,11.7,Proposal,70,NA,Analytics,0.87,41296.1769
579,24030.92,2.5,Negotiation,5,EMEA,Analytics,0.28,6728.6576000000005
580,14364.04,17.0,Closed Won,4,APAC,Core Payments,0.95,13645.838
581,20509.15,13.3,Negotiation,29,NA,Core Payments,0.22,4512.013
582,16335.0,12.0,Prospecting,54,APAC,Analytics,0.35,5717.25
583,68741.1,8.2,Prospecting,42,LATAM,Core Payments,0.59,40557.249
584,37768.3,15.9,Negotiation,101,APAC,Core Payments,0.61,23038.663
585,47035.87,10.4,Prospecting,61,NA,Analytics,0.57,26810.4459
586,26394.92,21.3,Qualified,26,EMEA,Core Payments,0.31,8182.4252
587,15786.75,13.7,Proposal,101,APAC,VAS,0.72,11366.46
588,44531.77,4.3,Proposal,118,NA,Core Payments,0.77,34289.4629
589,59419.02,15.4,Proposal,39,EMEA,VAS,0.7,41593.314
590,31231.28,9.1,Prospecting,47,NA,VAS,0.88,27483.5264
591,21708.27,9.1,Prospecting,76,EMEA,Risk Solutions,0.49,10637.0523
592,42132.9,10.5,Qualified,71,APAC,Analytics,0.49,20645.121
593,17629.54,11.1,Proposal,36,EMEA,VAS,0.4,7051.816000000001
594,34847.07,13.0,Closed Won,9,NA,VAS,0.81,28226.1267
595,14372.18,15.5,Negotiation,11,EMEA,Analytics,0.29,4167.9322
596,12305.24,14.0,Negotiation,82,EMEA,Risk Solutions,0.9,11074.716
597,30941.91,8.1,Proposal,83,APAC,Risk Solutions,0.91,28157.1381
598,26977.49,5.0,Negotiation,88,EMEA,VAS,0.6,16186.494
599,69049.84,7.7,Proposal,79,NA,Analytics,0.53,36596.4152
600,18618.96,13.5,Proposal,57,EMEA,Risk Solutions,0.53,9868.0488
601,22338.54,16.1,Closed Lost,37,APAC,VAS,0.82,18317.6028
602,11114.84,20.7,Closed Won,116,LATAM,Analytics,0.92,10225.6528
603,7175.53,5.0,Proposal,50,APAC,Risk Solutions,0.35,2511.4354999999996
604,7566.69,12.1,Negotiation,72,NA,Core Payments,0.8,6053.352
605,29081.71,10.6,Negotiation,115,LATAM,Analytics,0.83,24137.8193
606,10872.77,9.7,Negotiation,91,LATAM,Core Payments,0.5,5436.385
607,43307.11,12.4,Prospecting,81,LATAM,Analytics,0.51,22086.6261
608,51707.6,10.5,Closed Won,110,EMEA,Risk Solutions,0.21,10858.596
609,18559.89,10.4,Proposal,59,APAC,Risk Solutions,0.4,7423.956
610,59578.79,8.5,Closed Lost,95,APAC,VAS,0.61,36343.0619
611,25243.39,13.7,Closed Won,99,LATAM,Core Payments,0.61,15398.4679
612,43259.53,17.0,Qualified,97,EMEA,VAS,0.74,32012.0522
613,19236.72,19.9,Closed Won,94,LATAM,Core Payments,0.8,15389.376000000002
614,39163.58,9.1,Proposal,104,NA,Risk Solutions,0.47,18406.8826
615,12506.57,6.4,Closed Lost,24,LATAM,Core Payments,0.41,5127.6937
616,32003.79,10.4,Prospecting,48,EMEA,VAS,0.36,11521.3644
617,16721.82,7.5,Qualified,107,EMEA,Risk Solutions,0.53,8862.5646
618,20366.86,16.9,Closed Lost,110,NA,Risk Solutions,0.32,6517.3952
619,32177.77,7.6,Proposal,44,LATAM,VAS,0.69,22202.6613
620,24431.46,12.1,Prospecting,91,EMEA,VAS,0.27,6596.4942
621,21065.14,5.0,Closed Lost,101,APAC,Risk Solutions,0.7,14745.597999999998
622,34086.87,10.0,Closed Won,117,LATAM,Analytics,0.27,9203.4549
623,35664.95,12.7,Closed Won,87,EMEA,Risk Solutions,0.8,28531.96
624,9594.98,19.4,Proposal,115,EMEA,Risk Solutions,0.83,7963.8333999999995
625,30802.98,8.2,Closed Lost,23,NA,Risk Solutions,0.66,20329.966800000002
626,32945.19,13.6,Negotiation,115,EMEA,Risk Solutions,0.93,30639.026700000002
627,14030.21,1.3,Proposal,52,EMEA,Core Payments,0.47,6594.198699999999
628,27763.58,5.7,Prospecting,106,LATAM,Risk Solutions,0.53,14714.697400000001
629,9951.31,7.6,Prospecting,83,LATAM,Core Payments,0.36,3582.4716
630,52239.51,9.2,Closed Lost,83,EMEA,VAS,0.63,32910.8913
631,19099.31,13.9,Negotiation,51,NA,Core Payments,0.52,9931.641200000002
632,21012.31,14.9,Proposal,29,NA,Risk Solutions,0.94,19751.5714
633,45181.15,3.7,Proposal,26,APAC,Core Payments,0.64,28915.936
634,20218.54,14.3,Closed Won,57,NA,Core Payments,0.21,4245.8934
635,31550.12,6.1,Proposal,79,APAC,VAS,0.34,10727.0408
636,11749.43,20.9,Proposal,107,LATAM,Risk Solutions,0.71,8342.095299999999
637,15648.76,13.3,Prospecting,118,LATAM,VAS,0.84,13144.9584
638,9552.19,12.4,Negotiation,5,APAC,Core Payments,0.65,6208.923500000001
639,19440.02,10.8,Prospecting,67,NA,Risk Solutions,0.92,17884.8184
640,40889.2,11.5,Negotiation,7,NA,Core Payments,0.84,34346.928
641,25189.06,11.7,Qualified,101,EMEA,Analytics,0.77,19395.576200000003
642,37442.68,8.2,Proposal,14,NA,Analytics,0.71,26584.302799999998
643,11899.78,15.4,Closed Lost,91,NA,Analytics,0.47,5592.8966
644,12965.71,13.0,Qualified,61,NA,Risk Solutions,0.22,2852.4561999999996
645,16658.47,15.4,Prospecting,64,LATAM,Analytics,0.61,10161.6667
646,31055.89,11.4,Closed Lost,61,NA,Analytics,0.72,22360.2408
647,27278.58,15.1,Qualified,84,LATAM,Analytics,0.85,23186.793
648,21825.33,7.9,Prospecting,44,APAC,Core Payments,0.65,14186.464500000002
649,32002.77,29.5,Negotiation,43,APAC,Analytics,0.53,16961.468100000002
650,20113.79,8.1,Proposal,66,EMEA,Risk Solutions,0.27,5430.723300000001
651,21743.83,9.5,Qualified,49,NA,VAS,0.53,11524.229900000002
652,48189.72,16.5,Prospecting,20,APAC,Risk Solutions,0.93,44816.439600000005
653,15494.47,17.8,Qualified,11,EMEA,Risk Solutions,0.63,9761.516099999999
654,24578.04,7.7,Closed Lost,37,EMEA,Analytics,0.77,18925.0908
655,57940.21,3.4,Negotiation,54,APAC,Analytics,0.9,52146.189
656,23415.25,4.7,Proposal,32,APAC,Risk Solutions,0.38,8897.795
657,33655.51,6.7,Qualified,71,LATAM,VAS,0.4,13462.204000000002
658,15305.86,7.8,Qualified,84,EMEA,VAS,0.77,11785.512200000001
659,71247.3,10.9,Proposal,38,EMEA,Risk Solutions,0.22,15674.406
660,5711.41,16.8,Prospecting,30,LATAM,Risk Solutions,0.44,2513.0204
661,11152.36,17.1,Closed Lost,42,EMEA,Risk Solutions,0.8,8921.888
662,11704.09,8.6,Negotiation,66,NA,VAS,0.82,9597.353799999999
663,58214.06,14.4,Qualified,88,EMEA,VAS,0.34,19792.7804
664,27214.05,16.1,Prospecting,79,EMEA,VAS,0.2,5442.81
665,18818.65,18.7,Negotiation,14,APAC,Analytics,0.92,17313.158000000003
666,10208.19,10.9,Qualified,19,LATAM,VAS,0.58,5920.7501999999995
667,27404.91,8.0,Prospecting,54,EMEA,VAS,0.58,15894.8478
668,23586.28,15.4,Negotiation,97,APAC,Core Payments,0.7,16510.395999999997
669,14533.6,19.2,Closed Won,94,NA,Core Payments,0.78,11336.208
670,9000.93,9.0,Negotiation,82,NA,Core Payments,0.46,4140.4278
671,11365.59,21.4,Closed Won,73,NA,Core Payments,0.6,6819.354
672,25035.44,20.3,Proposal,78,NA,Core Payments,0.79,19777.9976
673,26545.26,10.4,Qualified,19,NA,Core Payments,0.48,12741.724799999998
674,23014.65,3.8,Negotiation,8,APAC,VAS,0.62,14269.083
675,20111.54,8.7,Proposal,5,APAC,VAS,0.46,9251.308400000002
676,7621.72,9.9,Proposal,48,LATAM,Risk Solutions,0.91,6935.765200000001
677,22680.53,14.3,Negotiation,95,EMEA,Risk Solutions,0.24,5443.3272
678,11854.69,3.3,Closed Won,67,EMEA,Risk Solutions,0.75,8891.0175
679,22585.74,23.8,Closed Won,85,EMEA,Analytics,0.59,13325.5866
680,29115.63,23.4,Negotiation,93,EMEA,Analytics,0.68,19798.6284
681,14684.31,8.0,Negotiation,55,LATAM,Analytics,0.36,5286.3516
682,11922.2,2.4,Closed Won,95,NA,Core Payments,0.92,10968.424
683,39981.28,10.8,Proposal,107,NA,Core Payments,0.56,22389.5168
684,27202.88,13.8,Closed Won,107,NA,Risk Solutions,0.73,19858.1024
685,15033.32,18.4,Closed Won,75,NA,Risk Solutions,0.27,4058.9964
686,3640.26,15.2,Closed Won,41,NA,Risk Solutions,0.42,1528.9092
687,21386.7,10.6,Closed Lost,61,EMEA,Risk Solutions,0.88,18820.296000000002
688,32127.99,1.8,Closed Lost,14,NA,Core Payments,0.21,6746.8779
689,43171.43,14.2,Prospecting,99,EMEA,Risk Solutions,0.47,20290.572099999998
690,14665.96,15.9,Closed Won,61,APAC,Core Payments,0.35,5133.085999999999
691,14975.66,10.1,Prospecting,20,NA,Core Payments,0.45,6739.0470000000005
692,16886.27,13.0,Closed Lost,29,NA,Analytics,0.67,11313.8009
693,36415.62,12.7,Prospecting,56,NA,Core Payments,0.85,30953.277000000002
694,10885.31,10.4,Proposal,18,LATAM,Analytics,0.6,6531.186
695,20584.09,5.9,Negotiation,35,EMEA,Analytics,0.88,18113.999200000002
696,12639.14,13.4,Negotiation,102,EMEA,VAS,0.73,9226.572199999999
697,25877.5,4.6,Prospecting,84,EMEA,Risk Solutions,0.9,23289.75
698,8666.23,18.7,Closed Won,66,LATAM,Core Payments,0.32,2773.1936
699,27603.45,7.1,Closed Won,65,EMEA,Core Payments,0.86,23738.967
700,16350.47,14.1,Prospecting,18,LATAM,Risk Solutions,0.76,12426.3572
701,19255.98,8.0,Qualified,41,NA,VAS,0.91,17522.9418
702,30195.63,13.5,Closed Won,78,APAC,Core Payments,0.23,6944.994900000001
703,43751.8,10.6,Proposal,15,EMEA,VAS,0.27,11812.986
704,7957.0,14.3,Proposal,74,LATAM,Analytics,0.21,1670.97
705,40220.54,7.7,Prospecting,112,LATAM,Core Payments,0.2,8044.108
706,30788.41,3.5,Negotiation,82,APAC,Core Payments,0.38,11699.595800000001
707,18456.74,10.2,Qualified,11,LATAM,VAS,0.63,11627.746200000001
708,51143.96,9.9,Prospecting,110,LATAM,VAS,0.51,26083.4196
709,24666.22,4.1,Prospecting,51,NA,Analytics,0.3,7399.866
710,47861.28,8.2,Closed Lost,17,LATAM,VAS,0.77,36853.1856
711,15433.97,3.3,Proposal,45,EMEA,Risk Solutions,0.31,4784.530699999999
712,13094.77,12.2,Prospecting,67,APAC,Analytics,0.94,12309.0838
713,45926.35,9.8,Prospecting,32,LATAM,Analytics,0.43,19748.3305
714,80705.6,11.7,Proposal,12,NA,VAS,0.24,19369.344
715,32217.7,24.6,Proposal,71,NA,Core Payments,0.33,10631.841
716,37598.18,12.4,Prospecting,24,EMEA,Core Payments,0.22,8271.5996
717,16575.17,13.5,Negotiation,99,LATAM,Analytics,0.37,6132.812899999999
718,9945.74,14.8,Proposal,107,NA,Core Payments,0.7,6962.017999999999
719,19233.69,10.9,Closed Won,68,APAC,Risk Solutions,0.47,9039.834299999999
720,54186.73,8.7,Closed Won,89,NA,Analytics,0.21,11379.2133
721,7213.61,16.0,Closed Lost,23,NA,VAS,0.45,3246.1245
722,16363.42,16.8,Qualified,55,EMEA,Core Payments,0.46,7527.1732
723,6983.29,-3.0,Proposal,93,LATAM,Risk Solutions,0.4,2793.3160000000003
724,23504.84,10.8,Closed Lost,116,NA,Risk Solutions,0.76,17863.6784
725,37217.96,9.9,Closed Won,101,APAC,Risk Solutions,0.3,11165.387999999999
726,10450.04,8.8,Qualified,65,NA,Core Payments,0.61,6374.5244
727,17229.27,17.8,Closed Won,47,LATAM,VAS,0.22,3790.4394
728,48798.17,8.9,Negotiation,16,EMEA,Risk Solutions,0.55,26838.9935
729,20887.79,15.9,Proposal,41,NA,VAS,0.78,16292.476200000001
730,10471.91,8.9,Negotiation,99,EMEA,Core Payments,0.45,4712.3595000000005
731,9999.03,9.6,Closed Won,89,LATAM,VAS,0.28,2799.7284000000004
732,6576.19,15.3,Prospecting,57,NA,Core Payments,0.62,4077.2378
733,35030.58,7.9,Closed Won,57,APAC,Risk Solutions,0.93,32578.439400000003
734,14077.41,10.8,Closed Lost,78,APAC,VAS,0.74,10417.2834
735,41374.02,6.1,Proposal,76,LATAM,Core Payments,0.55,22755.711
736,37057.18,7.2,Prospecting,83,APAC,Analytics,0.64,23716.5952
737,14823.69,15.2,Prospecting,112,NA,Analytics,0.46,6818.897400000001
738,16046.21,14.5,Closed Won,9,EMEA,Core Payments,0.5,8023.105
739,35142.99,5.9,Closed Won,17,NA,Analytics,0.82,28817.2518
740,24092.52,5.7,Closed Won,68,NA,Analytics,0.86,20719.5672
741,25866.34,24.3,Negotiation,87,APAC,Analytics,0.6,15519.804
742,8198.82,8.4,Negotiation,84,EMEA,Risk Solutions,0.76,6231.1032
743,37745.72,7.3,Qualified,15,APAC,Core Payments,0.83,31328.9476
744,13027.33,14.2,Negotiation,73,NA,Risk Solutions,0.66,8598.0378
745,5643.71,7.7,Proposal,58,LATAM,VAS,0.89,5022.9019
746,15212.08,9.8,Closed Lost,47,NA,Risk Solutions,0.64,9735.7312
747,28373.13,16.1,Closed Lost,17,EMEA,VAS,0.6,17023.878
748,77518.79,16.6,Qualified,90,LATAM,Risk Solutions,0.75,58139.0925
749,17611.44,10.6,Qualified,45,LATAM,Risk Solutions,0.66,11623.5504
750,9918.24,18.3,Closed Lost,15,EMEA,Analytics,0.87,8628.8688
751,78753.99,10.9,Closed Won,102,LATAM,VAS,0.79,62215.65210000001
752,24249.29,10.4,Proposal,26,EMEA,Risk Solutions,0.6,14549.574
753,18831.69,11.6,Qualified,19,EMEA,Risk Solutions,0.73,13747.133699999998
754,11549.62,10.1,Proposal,52,LATAM,VAS,0.87,10048.1694
755,12059.56,14.2,Closed Lost,63,NA,VAS,0.52,6270.9712
756,53487.52,13.0,Proposal,86,LATAM,Risk Solutions,0.45,24069.384
757,18724.45,7.7,Closed Won,86,APAC,Risk Solutions,0.83,15541.2935
758,15951.6,12.5,Negotiation,38,APAC,Analytics,0.27,4306.932000000001
759,16220.84,8.9,Negotiation,72,EMEA,Core Payments,0.59,9570.2956
760,56427.93,8.7,Closed Lost,112,NA,VAS,0.24,13542.7032
761,15465.26,10.9,Closed Won,54,LATAM,Risk Solutions,0.73,11289.639799999999
762,32109.13,16.7,Prospecting,23,LATAM,Core Payments,0.89,28577.1257
763,25840.16,13.0,Closed Lost,68,EMEA,Risk Solutions,0.92,23772.947200000002
764,25426.81,17.9,Proposal,74,APAC,Risk Solutions,0.48,12204.8688
765,13012.29,19.4,Negotiation,93,NA,Risk Solutions,0.84,10930.3236
766,32700.07,11.4,Closed Won,32,LATAM,Analytics,0.69,22563.0483
767,57825.16,8.6,Closed Won,34,APAC,VAS,0.37,21395.3092
768,21347.5,7.7,Negotiation,19,APAC,Risk Solutions,0.24,5123.4
769,12684.71,13.0,Qualified,97,APAC,Risk Solutions,0.65,8245.0615
770,10149.46,15.9,Qualified,51,APAC,Risk Solutions,0.46,4668.7516
771,24696.84,19.5,Prospecting,54,LATAM,Analytics,0.86,21239.2824
772,18709.93,5.1,Prospecting,117,EMEA,Core Payments,0.9,16838.937
773,20689.38,16.2,Qualified,49,LATAM,Analytics,0.62,12827.4156
774,22183.35,17.0,Proposal,11,NA,VAS,0.66,14641.011
775,9087.29,23.8,Negotiation,30,NA,Core Payments,0.3,2726.1870000000004
776,35203.16,12.5,Closed Lost,84,NA,Risk Solutions,0.45,15841.422000000002
777,25351.44,11.5,Prospecting,91,EMEA,Risk Solutions,0.81,20534.666400000002
778,21062.1,4.0,Qualified,35,APAC,Core Payments,0.57,12005.396999999999
779,25314.04,7.7,Proposal,90,LATAM,VAS,0.44,11138.1776
780,38395.12,6.1,Prospecting,24,EMEA,Risk Solutions,0.6,23037.072
781,22743.96,6.6,Closed Won,63,EMEA,Core Payments,0.58,13191.496799999999
782,13224.94,7.1,Qualified,59,EMEA,Risk Solutions,0.55,7273.717000000001
783,44344.32,4.0,Prospecting,16,NA,Analytics,0.55,24389.376
784,16983.64,11.2,Negotiation,38,LATAM,VAS,0.62,10529.8568
785,14252.93,13.6,Closed Lost,31,LATAM,VAS,0.91,12970.1663
786,8628.3,15.4,Closed Won,52,EMEA,Analytics,0.86,7420.337999999999
787,22131.32,11.2,Closed Lost,5,APAC,Core Payments,0.6,13278.792
788,11747.71,16.9,Qualified,78,LATAM,Analytics,0.23,2701.9733
789,16131.36,17.0,Proposal,40,APAC,Risk Solutions,0.85,13711.656
790,28841.55,4.1,Closed Won,63,APAC,Core Payments,0.68,19612.254
791,22470.57,10.3,Closed Lost,31,LATAM,VAS,0.29,6516.4653
792,40528.97,5.4,Prospecting,18,APAC,Analytics,0.86,34854.9142
793,26451.88,6.8,Closed Lost,27,LATAM,Analytics,0.59,15606.609199999999
794,17286.18,12.6,Closed Won,54,LATAM,Analytics,0.37,6395.8866
795,18073.07,11.0,Negotiation,15,NA,Core Payments,0.8,14458.456
796,16245.57,19.0,Closed Won,94,APAC,Core Payments,0.4,6498.228
797,32461.91,21.9,Negotiation,72,APAC,Analytics,0.82,26618.7662
798,22312.0,13.8,Closed Won,12,EMEA,Core Payments,0.66,14725.92
799,17213.47,10.7,Qualified,99,EMEA,VAS,0.45,7746.061500000001
800,36568.92,10.9,Closed Lost,21,NA,VAS,0.43,15724.6356
801,23336.45,11.6,Closed Lost,78,NA,VAS,0.4,9334.58
802,16658.55,14.5,Closed Lost,87,APAC,Risk Solutions,0.31,5164.1505
803,8888.93,8.0,Closed Lost,14,APAC,Risk Solutions,0.38,3377.7934
804,28637.81,14.6,Closed Lost,4,NA,Analytics,0.46,13173.392600000001
805,25418.31,10.5,Qualified,47,EMEA,VAS,0.41,10421.5071
806,22715.41,17.0,Proposal,81,LATAM,VAS,0.51,11584.8591
807,16976.08,18.5,Proposal,78,NA,Core Payments,0.45,7639.236000000001
808,13358.51,20.4,Closed Won,73,APAC,Risk Solutions,0.82,10953.9782
809,19225.28,10.9,Closed Lost,52,APAC,Analytics,0.61,11727.4208
810,25307.49,5.0,Negotiation,39,NA,VAS,0.33,8351.4717
811,20399.99,3.3,Closed Won,77,LATAM,Core Payments,0.61,12443.993900000001
812,20194.65,10.2,Closed Won,20,APAC,VAS,0.39,7875.913500000001
813,16632.18,4.6,Negotiation,9,EMEA,Analytics,0.75,12474.135
814,26993.27,3.5,Closed Won,118,EMEA,Risk Solutions,0.54,14576.365800000001
815,25340.92,10.0,Qualified,61,EMEA,Core Payments,0.91,23060.2372
816,14024.39,6.8,Proposal,80,APAC,VAS,0.26,3646.3414
817,34757.78,15.2,Closed Won,71,APAC,Analytics,0.32,11122.489599999999
818,35412.28,21.4,Proposal,68,APAC,Risk Solutions,0.74,26205.087199999998
819,35887.97,10.6,Closed Lost,76,EMEA,Core Payments,0.37,13278.5489
820,20365.8,13.3,Qualified,34,NA,Risk Solutions,0.24,4887.7919999999995
821,19604.28,3.9,Proposal,81,LATAM,Risk Solutions,0.61,11958.610799999999
822,10987.32,12.6,Prospecting,64,EMEA,Core Payments,0.88,9668.8416
823,34641.1,8.2,Qualified,88,APAC,VAS,0.54,18706.194
824,6115.15,6.3,Prospecting,76,NA,Analytics,0.58,3546.7869999999994
825,17420.88,2.4,Closed Won,23,EMEA,Analytics,0.2,3484.1760000000004
826,17963.47,19.8,Proposal,23,NA,VAS,0.8,14370.776000000002
827,36817.6,3.7,Negotiation,7,EMEA,Risk Solutions,0.95,34976.719999999994
828,22018.36,5.7,Negotiation,12,LATAM,Core Payments,0.23,5064.2228000000005
829,12348.85,11.8,Proposal,81,APAC,VAS,0.34,4198.609
830,9357.57,13.2,Negotiation,45,EMEA,Core Payments,0.34,3181.5738
831,14221.64,13.2,Closed Lost,87,APAC,Core Payments,0.82,11661.744799999999
832,23481.44,12.3,Negotiation,105,NA,Analytics,0.93,21837.7392
833,22766.1,7.3,Prospecting,76,EMEA,Core Payments,0.91,20717.150999999998
834,19563.57,15.6,Prospecting,75,EMEA,Core Payments,0.36,7042.8852
835,14609.14,12.7,Negotiation,101,APAC,Core Payments,0.45,6574.113
836,19417.34,4.5,Prospecting,114,NA,Risk Solutions,0.72,13980.4848
837,40081.0,19.8,Negotiation,91,NA,Core Payments,0.39,15631.59
838,11381.48,10.1,Closed Lost,34,NA,Risk Solutions,0.88,10015.7024
839,22475.61,16.5,Closed Lost,102,NA,VAS,0.49,11013.0489
840,58170.96,4.5,Prospecting,49,NA,VAS,0.38,22104.9648
841,30717.78,5.8,Negotiation,101,LATAM,Core Payments,0.33,10136.867400000001
842,16754.78,8.9,Closed Won,26,LATAM,Risk Solutions,0.92,15414.3976
843,32747.54,8.3,Closed Won,28,APAC,Core Payments,0.31,10151.7374
844,14027.65,16.9,Prospecting,98,NA,Core Payments,0.94,13185.990999999998
845,22119.8,3.7,Prospecting,64,APAC,Risk Solutions,0.27,5972.3460000000005
846,55961.61,12.6,Closed Lost,107,LATAM,VAS,0.81,45328.90410000001
847,68629.77,6.7,Proposal,35,LATAM,Core Payments,0.43,29510.8011
848,7901.61,14.4,Closed Won,10,NA,Analytics,0.89,7032.4329
849,33524.79,12.9,Closed Won,20,APAC,Core Payments,0.9,30172.311
850,70910.06,9.1,Closed Won,67,LATAM,Core Payments,0.9,63819.054
851,15879.7,22.9,Prospecting,66,APAC,Analytics,0.4,6351.880000000001
852,25729.52,11.6,Closed Lost,63,EMEA,Core Payments,0.25,6432.38
853,54412.24,17.3,Proposal,63,APAC,VAS,0.94,51147.5056
854,16391.0,5.2,Qualified,38,EMEA,Analytics,0.65,10654.15
855,28888.95,11.2,Negotiation,7,APAC,VAS,0.36,10400.021999999999
856,21257.73,12.3,Negotiation,53,EMEA,Analytics,0.56,11904.328800000001
857,6938.08,12.5,Negotiation,53,LATAM,VAS,0.88,6105.5104
858,27110.4,10.1,Prospecting,33,NA,Core Payments,0.26,7048.704000000001
859,19722.75,7.7,Negotiation,38,EMEA,Analytics,0.65,12819.7875
860,38440.96,-3.6,Proposal,79,APAC,Core Payments,0.21,8072.6016
861,77345.09,9.0,Negotiation,107,EMEA,Risk Solutions,0.49,37899.094099999995
862,33200.99,7.3,Closed Won,3,APAC,Analytics,0.7,23240.692999999996
863,17668.9,10.6,Proposal,58,NA,VAS,0.51,9011.139000000001
864,28856.5,16.1,Negotiation,76,APAC,Risk Solutions,0.76,21930.94
865,24861.33,22.9,Prospecting,43,LATAM,Risk Solutions,0.52,12927.8916
866,40692.06,14.5,Negotiation,63,NA,VAS,0.62,25229.0772
867,9290.31,16.9,Proposal,37,LATAM,Core Payments,0.49,4552.251899999999
868,10940.25,15.0,Negotiation,99,LATAM,Analytics,0.56,6126.540000000001
869,6456.81,15.5,Prospecting,87,LATAM,Risk Solutions,0.51,3292.9731
870,31705.67,14.8,Qualified,85,APAC,Analytics,0.38,12048.1546
871,21776.7,10.6,Proposal,31,EMEA,Analytics,0.31,6750.777
872,15001.68,10.3,Proposal,11,LATAM,Analytics,0.71,10651.192799999999
873,14254.84,13.5,Prospecting,105,APAC,Risk Solutions,0.34,4846.645600000001
874,15625.9,20.9,Prospecting,75,EMEA,VAS,0.22,3437.698
875,12623.44,15.8,Negotiation,115,LATAM,VAS,0.92,11613.5648
876,18163.31,20.0,Proposal,7,EMEA,Core Payments,0.32,5812.2592
877,16374.34,5.4,Prospecting,22,NA,VAS,0.28,4584.815200000001
878,50715.38,13.2,Proposal,5,LATAM,Risk Solutions,0.64,32457.8432
879,26741.83,13.9,Negotiation,27,APAC,VAS,0.5,13370.915
880,13478.98,14.5,Closed Lost,109,LATAM,Analytics,0.75,10109.235
881,15516.64,5.1,Closed Lost,111,NA,VAS,0.62,9620.316799999999
882,45223.14,2.7,Closed Lost,59,LATAM,Analytics,0.63,28490.5782
883,28895.94,1.3,Proposal,7,NA,VAS,0.7,20227.158
884,26294.36,9.9,Prospecting,15,APAC,Risk Solutions,0.32,8414.1952
885,33941.31,23.7,Closed Lost,42,NA,Analytics,0.78,26474.2218
886,57049.12,13.0,Prospecting,12,APAC,Analytics,0.5,28524.56
887,10610.6,5.9,Qualified,58,APAC,VAS,0.74,7851.844
888,14081.19,13.6,Prospecting,7,APAC,VAS,0.6,8448.714
889,7751.4,10.4,Closed Lost,59,NA,Core Payments,0.28,2170.3920000000003
890,29641.44,12.8,Negotiation,93,NA,Core Payments,0.37,10967.3328
891,17548.24,9.7,Prospecting,79,APAC,Core Payments,0.5,8774.12
892,14718.93,5.5,Proposal,41,EMEA,Risk Solutions,0.2,2943.786
893,13942.02,9.3,Qualified,89,NA,Core Payments,0.6,8365.212
894,33350.03,15.5,Qualified,51,APAC,Analytics,0.26,8671.0078
895,20226.56,13.5,Closed Won,92,APAC,Risk Solutions,0.59,11933.6704
896,16021.5,18.1,Closed Won,111,EMEA,Risk Solutions,0.94,15060.21
897,46780.25,6.6,Negotiation,10,EMEA,Analytics,0.88,41166.62
898,11758.79,17.2,Proposal,118,APAC,Core Payments,0.68,7995.977200000001
899,10315.19,12.3,Prospecting,41,LATAM,Core Payments,0.25,2578.7975
900,104483.79,13.0,Qualified,89,NA,Core Payments,0.51,53286.732899999995
901,17665.36,18.3,Proposal,94,APAC,Core Payments,0.44,7772.758400000001
902,15897.5,11.4,Closed Lost,18,APAC,Risk Solutions,0.35,5564.125
903,14236.26,13.3,Qualified,113,LATAM,Risk Solutions,0.84,11958.4584
904,20289.59,15.3,Closed Lost,28,EMEA,Analytics,0.47,9536.1073
905,35229.76,15.3,Qualified,27,LATAM,Risk Solutions,0.4,14091.904000000002
906,34616.23,16.1,Closed Lost,87,NA,Analytics,0.78,27000.659400000004
907,30529.07,18.5,Closed Won,40,APAC,Analytics,0.33,10074.5931
908,18635.78,14.7,Closed Lost,86,LATAM,VAS,0.71,13231.403799999998
909,9008.79,9.9,Negotiation,11,LATAM,VAS,0.43,3873.7797000000005
910,26102.16,24.4,Closed Won,108,EMEA,Analytics,0.64,16705.3824
911,54790.84,12.0,Negotiation,61,LATAM,Risk Solutions,0.51,27943.3284
912,41838.29,14.0,Prospecting,16,EMEA,VAS,0.86,35980.9294
913,19911.35,8.4,Qualified,8,EMEA,Core Payments,0.36,7168.085999999999
914,35650.65,1.2,Closed Won,119,NA,Analytics,0.88,31372.572
915,17478.11,8.3,Closed Won,43,APAC,VAS,0.26,4544.3086
916,21309.56,12.5,Negotiation,54,EMEA,Core Payments,0.23,4901.1988
917,10502.63,14.8,Closed Lost,39,EMEA,VAS,0.94,9872.472199999998
918,18228.53,12.3,Prospecting,97,NA,VAS,0.5,9114.265
919,23964.75,16.1,Closed Lost,61,LATAM,Core Payments,0.6,14378.85
920,19901.99,17.1,Closed Lost,102,EMEA,Core Payments,0.3,5970.597000000001
921,34960.63,17.1,Closed Won,41,APAC,Risk Solutions,0.9,31464.567
922,68200.31,12.2,Qualified,90,LATAM,VAS,0.56,38192.1736
923,48678.01,12.6,Proposal,71,NA,Core Payments,0.79,38455.62790000001
924,18343.46,11.1,Closed Lost,5,APAC,Risk Solutions,0.68,12473.5528
925,14204.16,7.8,Qualified,86,LATAM,Risk Solutions,0.35,4971.455999999999
926,14889.39,19.3,Negotiation,20,LATAM,Core Payments,0.68,10124.7852
927,12250.48,6.0,Closed Lost,85,APAC,Risk Solutions,0.38,4655.1824
928,22480.6,11.8,Closed Lost,118,NA,Core Payments,0.69,15511.613999999998
929,28358.19,13.3,Prospecting,77,APAC,VAS,0.59,16731.3321
930,24583.33,1.5,Proposal,15,NA,Risk Solutions,0.25,6145.8325
931,24740.33,15.9,Prospecting,57,EMEA,Risk Solutions,0.44,10885.745200000001
932,24219.66,10.4,Proposal,57,LATAM,Risk Solutions,0.31,7508.0946
933,20348.6,13.3,Negotiation,36,EMEA,Core Payments,0.43,8749.898
934,14109.26,10.5,Prospecting,14,NA,VAS,0.8,11287.408000000001
935,61993.67,4.5,Prospecting,23,EMEA,Core Payments,0.21,13018.670699999999
936,41295.92,13.2,Prospecting,86,NA,Core Payments,0.36,14866.5312
937,12772.46,12.7,Prospecting,22,LATAM,Core Payments,0.84,10728.866399999999
938,12795.58,17.2,Negotiation,105,EMEA,Analytics,0.3,3838.674
939,15494.46,14.6,Qualified,22,LATAM,Risk Solutions,0.41,6352.7285999999995
940,22467.32,3.8,Qualified,59,LATAM,VAS,0.46,10334.967200000001
941,46883.81,17.7,Closed Lost,47,APAC,Risk Solutions,0.7,32818.666999999994
942,40493.96,16.2,Proposal,117,LATAM,Analytics,0.93,37659.3828
943,41799.94,16.0,Negotiation,105,EMEA,VAS,0.57,23825.965799999998
944,42306.69,14.6,Closed Won,33,LATAM,Analytics,0.62,26230.147800000002
945,42780.66,8.7,Closed Lost,117,LATAM,VAS,0.92,39358.207200000004
946,34269.59,14.9,Prospecting,5,EMEA,Risk Solutions,0.73,25016.800699999996
947,28931.96,10.4,Closed Lost,25,APAC,VAS,0.45,13019.382
948,20507.94,26.6,Proposal,49,EMEA,Risk Solutions,0.8,16406.352
949,7736.77,11.0,Qualified,83,LATAM,Analytics,0.46,3558.9142
950,20383.21,6.7,Negotiation,73,LATAM,Analytics,0.31,6318.795099999999
951,64937.9,10.5,Closed Won,22,EMEA,Core Payments,0.41,26624.539
952,15930.97,19.4,Closed Lost,112,LATAM,Risk Solutions,0.48,7646.865599999999
953,15132.26,9.4,Closed Won,34,APAC,Risk Solutions,0.58,8776.710799999999
954,40556.42,-0.0,Closed Won,38,APAC,Core Payments,0.42,17033.696399999997
955,23118.19,19.6,Negotiation,37,EMEA,Analytics,0.79,18263.3701
956,16514.07,13.9,Proposal,115,LATAM,Risk Solutions,0.51,8422.1757
957,56083.55,9.7,Proposal,20,EMEA,Risk Solutions,0.91,51036.0305
958,32032.09,15.8,Proposal,16,EMEA,VAS,0.9,28828.881
959,34701.8,7.6,Qualified,84,EMEA,Core Payments,0.81,28108.458000000006
960,15697.47,6.4,Closed Won,98,APAC,Risk Solutions,0.95,14912.596499999998
961,29680.07,17.0,Prospecting,78,LATAM,Core Payments,0.38,11278.4266
962,27608.96,9.6,Closed Won,10,APAC,Analytics,0.3,8282.688
963,35110.19,14.9,Closed Won,106,EMEA,Risk Solutions,0.47,16501.7893
964,43892.63,12.3,Prospecting,18,LATAM,Core Payments,0.65,28530.2095
965,43288.58,16.4,Proposal,107,EMEA,Analytics,0.37,16016.7746
966,24398.93,12.8,Closed Lost,32,APAC,Risk Solutions,0.76,18543.1868
967,33312.89,2.0,Prospecting,82,LATAM,Core Payments,0.65,21653.3785
968,11080.62,15.6,Closed Won,20,LATAM,Risk Solutions,0.33,3656.6046000000006
969,32408.22,9.8,Proposal,7,NA,Analytics,0.31,10046.548200000001
970,33209.42,16.6,Negotiation,34,NA,Analytics,0.6,19925.652
971,17442.89,12.8,Closed Lost,55,LATAM,VAS,0.86,15000.8854
972,13845.99,19.3,Closed Lost,81,NA,Core Payments,0.27,3738.4173
973,21263.46,10.6,Proposal,37,APAC,VAS,0.78,16585.4988
974,10635.24,1.9,Qualified,57,APAC,Core Payments,0.61,6487.4964
975,27025.29,10.6,Negotiation,54,EMEA,Risk Solutions,0.91,24593.0139
976,26286.76,14.8,Closed Lost,24,APAC,VAS,0.77,20240.8052
977,12467.24,10.5,Qualified,78,LATAM,Analytics,0.27,3366.1548000000003
978,22664.17,9.9,Proposal,3,APAC,Analytics,0.94,21304.319799999997
979,41799.0,19.6,Qualified,57,NA,Risk Solutions,0.61,25497.39
980,41671.22,11.4,Closed Lost,74,EMEA,Core Payments,0.89,37087.385800000004
981,40389.48,17.5,Closed Lost,23,NA,Risk Solutions,0.51,20598.634800000003
982,20126.33,13.0,Qualified,24,EMEA,Core Payments,0.24,4830.3192
983,17981.88,5.0,Proposal,16,LATAM,VAS,0.91,16363.510800000002
984,17421.88,7.5,Qualified,11,NA,Analytics,0.39,6794.533200000001
985,31432.82,10.6,Closed Lost,86,LATAM,VAS,0.41,12887.456199999999
986,90320.56,13.7,Closed Won,82,LATAM,VAS,0.89,80385.2984
987,51174.8,8.1,Qualified,118,LATAM,Analytics,0.92,47080.816000000006
988,57037.47,5.1,Negotiation,20,EMEA,Analytics,0.78,44489.2266
989,49510.63,7.1,Qualified,84,LATAM,VAS,0.83,41093.8229
990,8369.43,9.6,Qualified,41,EMEA,Core Payments,0.69,5774.9067
991,19527.29,7.8,Negotiation,41,APAC,VAS,0.6,11716.374
992,16990.56,9.3,Qualified,65,EMEA,Risk Solutions,0.36,6116.6016
993,46618.22,21.5,Closed Won,90,APAC,VAS,0.4,18647.288
994,60659.5,13.6,Negotiation,88,EMEA,VAS,0.87,52773.765
995,14789.15,8.1,Prospecting,113,LATAM,Risk Solutions,0.75,11091.8625
996,22543.37,12.1,Qualified,72,EMEA,Analytics,0.5,11271.685
997,30770.32,20.1,Closed Lost,114,EMEA,VAS,0.31,9538.7992
998,16431.02,15.4,Negotiation,40,APAC,Core Payments,0.31,5093.6162
999,15106.6,11.7,Prospecting,53,LATAM,Core Payments,0.41,6193.706
1000,14669.66,5.4,Closed Won,102,NA,Core Payments,0.28,4107.504800000001
1001,37456.4,3.7,Negotiation,3,NA,Core Payments,0.45,16855.38
1002,12765.85,10.5,Negotiation,110,EMEA,Risk Solutions,0.23,2936.1455
1003,43529.34,11.7,Proposal,15,APAC,Core Payments,0.91,39611.6994
1004,23204.71,4.1,Proposal,6,LATAM,VAS,0.91,21116.2861
1005,34578.95,5.5,Qualified,32,EMEA,Core Payments,0.49,16943.6855
1006,55660.32,12.0,Closed Lost,25,NA,Core Payments,0.5,27830.16
1007,14744.77,1.1,Closed Won,112,LATAM,Analytics,0.42,6192.8034
1008,13493.9,3.6,Negotiation,15,LATAM,Risk Solutions,0.29,3913.2309999999998
1009,28453.9,11.9,Closed Won,17,EMEA,Risk Solutions,0.81,23047.659000000003
1010,11861.06,15.0,Qualified,61,EMEA,VAS,0.38,4507.2028
1011,14214.03,13.8,Negotiation,92,NA,Core Payments,0.91,12934.767300000001
1012,20576.71,17.2,Closed Lost,67,LATAM,Risk Solutions,0.55,11317.1905
1013,24200.16,20.1,Closed Won,42,NA,Risk Solutions,0.47,11374.0752
1014,10446.02,16.7,Proposal,60,APAC,Risk Solutions,0.58,6058.6916
1015,17513.49,10.9,Negotiation,77,LATAM,Analytics,0.78,13660.522200000001
1016,31239.7,22.8,Qualified,117,NA,Analytics,0.64,19993.408
1017,49305.78,20.6,Closed Won,48,APAC,VAS,0.37,18243.1386
1018,6797.99,16.9,Closed Won,75,LATAM,VAS,0.88,5982.2312
1019,48159.18,8.1,Proposal,6,APAC,Core Payments,0.62,29858.6916
1020,37345.33,14.2,Negotiation,64,NA,Risk Solutions,0.32,11950.5056
1021,11502.94,1.7,Closed Won,21,EMEA,Analytics,0.76,8742.234400000001
1022,9135.6,10.5,Negotiation,111,APAC,Analytics,0.22,2009.832
1023,28278.14,-0.2,Proposal,71,LATAM,Analytics,0.46,13007.9444
1024,17136.58,10.1,Negotiation,32,LATAM,Analytics,0.51,8739.6558
1025,23895.0,17.3,Prospecting,50,NA,Analytics,0.21,5017.95
1026,36861.39,12.3,Prospecting,44,EMEA,Risk Solutions,0.43,15850.3977
1027,17631.96,20.3,Prospecting,4,NA,VAS,0.88,15516.1248
1028,24272.2,12.2,Proposal,67,LATAM,Analytics,0.65,15776.93
1029,29264.76,12.7,Prospecting,14,LATAM,Analytics,0.38,11120.6088
1030,37478.7,10.7,Negotiation,117,LATAM,VAS,0.27,10119.249
1031,63140.8,14.9,Negotiation,85,APAC,Core Payments,0.74,46724.192
1032,60882.39,12.1,Negotiation,68,APAC,Core Payments,0.5,30441.195
1033,25441.42,18.3,Prospecting,32,NA,Risk Solutions,0.3,7632.4259999999995
1034,19127.24,20.3,Closed Won,72,EMEA,Risk Solutions,0.91,17405.7884
1035,90946.61,14.1,Negotiation,9,APAC,Analytics,0.32,29102.9152
1036,32296.12,6.6,Prospecting,17,APAC,Analytics,0.82,26482.818399999996
1037,28434.56,15.1,Negotiation,81,APAC,Risk Solutions,0.69,19619.8464
1038,11412.57,19.1,Qualified,56,APAC,VAS,0.23,2624.8911
1039,35071.15,15.5,Closed Lost,116,LATAM,VAS,0.45,15782.017500000002
1040,13851.59,13.7,Closed Won,36,APAC,Risk Solutions,0.81,11219.787900000001
1041,16758.92,17.0,Negotiation,14,EMEA,VAS,0.66,11060.8872
1042,9926.21,18.9,Proposal,46,LATAM,VAS,0.29,2878.6008999999995
1043,16162.09,-0.8,Closed Won,85,LATAM,Core Payments,0.36,5818.3524
1044,22864.07,19.9,Proposal,78,NA,Core Payments,0.55,12575.238500000001
1045,8995.73,16.2,Proposal,114,EMEA,Risk Solutions,0.25,2248.9325
1046,12911.83,14.7,Closed Lost,83,EMEA,Core Payments,0.42,5422.9686
1047,21028.23,9.5,Proposal,63,LATAM,Core Payments,0.67,14088.9141
1048,10365.69,13.4,Closed Lost,9,EMEA,Analytics,0.23,2384.1087
1049,10432.01,15.3,Qualified,84,EMEA,Core Payments,0.76,7928.3276000000005
1050,13407.49,4.9,Negotiation,74,EMEA,Analytics,0.6,8044.494
1051,9509.47,16.0,Qualified,112,LATAM,Analytics,0.81,7702.6707
1052,31791.32,12.7,Proposal,59,EMEA,Analytics,0.75,23843.489999999998
1053,12172.9,19.6,Closed Won,75,LATAM,Analytics,0.55,6695.095
1054,34876.07,15.7,Prospecting,62,APAC,Analytics,0.22,7672.7354
1055,38274.85,11.4,Prospecting,81,APAC,VAS,0.37,14161.6945
1056,10772.03,12.6,Closed Won,51,LATAM,VAS,0.37,3985.6511
1057,22571.94,15.5,Closed Lost,90,LATAM,VAS,0.67,15123.1998
1058,16549.96,13.0,Prospecting,23,APAC,Risk Solutions,0.61,10095.4756
1059,11167.57,15.0,Closed Won,66,EMEA,VAS,0.35,3908.6494999999995
1060,18035.63,8.7,Negotiation,62,NA,Risk Solutions,0.24,4328.5512
1061,19070.69,6.1,Negotiation,58,NA,Analytics,0.73,13921.603699999998
1062,33688.57,9.4,Qualified,67,EMEA,VAS,0.86,28972.1702
1063,40658.93,5.2,Negotiation,6,APAC,Risk Solutions,0.83,33746.9119
1064,11411.91,8.4,Closed Won,38,APAC,Core Payments,0.74,8444.8134
1065,17280.56,14.1,Closed Lost,83,NA,Core Payments,0.34,5875.390400000001
1066,30247.59,4.1,Qualified,16,APAC,Risk Solutions,0.29,8771.801099999999
1067,44546.39,6.1,Qualified,119,LATAM,Core Payments,0.75,33409.792499999996
1068,5113.03,16.0,Prospecting,70,EMEA,Core Payments,0.64,3272.3392
1069,47325.16,9.7,Closed Lost,61,EMEA,VAS,0.39,18456.812400000003
1070,19922.05,12.2,Closed Lost,105,LATAM,Risk Solutions,0.58,11554.788999999999
1071,55100.32,6.1,Closed Lost,118,NA,Analytics,0.9,49590.288
1072,17094.33,7.1,Qualified,71,EMEA,Analytics,0.29,4957.3557
1073,13397.71,10.8,Qualified,57,EMEA,VAS,0.65,8708.5115
1074,22627.41,20.5,Proposal,95,APAC,Risk Solutions,0.89,20138.3949
1075,44353.53,14.5,Qualified,91,APAC,Core Payments,0.45,19959.0885
1076,22434.74,3.9,Negotiation,88,APAC,VAS,0.94,21088.655600000002
1077,5371.4,14.5,Qualified,72,LATAM,VAS,0.38,2041.1319999999998
1078,33176.0,16.9,Negotiation,108,APAC,VAS,0.39,12938.640000000001
1079,8403.48,15.8,Closed Lost,92,NA,Analytics,0.23,1932.8004
1080,12260.94,6.2,Closed Won,56,LATAM,Risk Solutions,0.39,4781.7666
1081,10986.59,12.0,Negotiation,46,NA,VAS,0.57,6262.3562999999995
1082,7326.98,22.9,Proposal,10,LATAM,VAS,0.55,4029.839
1083,10401.99,7.6,Closed Lost,105,APAC,VAS,0.88,9153.7512
1084,12191.48,14.0,Prospecting,61,NA,Analytics,0.41,4998.506799999999
1085,15264.14,8.5,Closed Lost,109,EMEA,Core Payments,0.29,4426.6006
1086,21333.79,5.9,Closed Lost,111,NA,Analytics,0.55,11733.5845
1087,18026.72,10.1,Closed Won,59,EMEA,Risk Solutions,0.59,10635.7648
1088,9061.21,17.5,Prospecting,66,EMEA,VAS,0.22,1993.4661999999998
1089,19751.52,18.1,Closed Lost,52,APAC,VAS,0.72,14221.0944
1090,39483.65,7.9,Prospecting,42,NA,Risk Solutions,0.89,35140.4485
1091,38906.88,9.9,Proposal,94,NA,Core Payments,0.46,17897.1648
1092,23879.88,7.9,Prospecting,82,APAC,VAS,0.62,14805.5256
1093,31940.57,1.9,Qualified,32,NA,Core Payments,0.88,28107.7016
1094,37622.43,15.3,Negotiation,109,EMEA,Analytics,0.78,29345.4954
1095,49860.86,20.1,Qualified,43,EMEA,VAS,0.63,31412.341800000002
1096,60953.73,19.8,Negotiation,47,LATAM,Analytics,0.28,17067.044400000002
1097,18175.56,10.0,Qualified,49,LATAM,VAS,0.36,6543.2016
1098,18713.6,19.0,Closed Won,36,APAC,VAS,0.48,8982.527999999998
1099,53299.35,17.8,Closed Lost,27,LATAM,Core Payments,0.66,35177.571
1100,56198.34,10.6,Closed Won,53,APAC,VAS,0.36,20231.4024
1101,55514.2,12.3,Closed Lost,23,NA,VAS,0.26,14433.692
1102,5398.44,10.5,Closed Lost,88,EMEA,Analytics,0.93,5020.5491999999995
1103,19306.29,13.5,Proposal,92,EMEA,Risk Solutions,0.81,15638.094900000002
1104,3123.44,21.4,Prospecting,91,APAC,Core Payments,0.7,2186.408
1105,34131.01,7.7,Proposal,66,NA,Risk Solutions,0.74,25256.9474
1106,22773.88,6.4,Closed Won,95,APAC,Analytics,0.84,19130.0592
1107,22726.97,16.7,Negotiation,42,APAC,Core Payments,0.86,19545.1942
1108,20279.85,12.6,Qualified,3,EMEA,Risk Solutions,0.31,6286.7535
1109,48147.42,2.9,Negotiation,79,NA,Core Payments,0.38,18296.0196
1110,18474.3,7.3,Prospecting,51,APAC,Analytics,0.93,17181.099000000002
1111,40940.23,8.2,Negotiation,115,NA,Analytics,0.52,21288.9196
1112,30704.33,9.3,Proposal,118,EMEA,VAS,0.3,9211.299
1113,27284.92,14.0,Negotiation,64,NA,VAS,0.71,19372.293199999996
1114,29072.77,17.3,Negotiation,118,APAC,Analytics,0.56,16280.751200000002
1115,23539.24,11.6,Prospecting,4,LATAM,Core Payments,0.41,9651.0884
1116,11427.35,13.1,Qualified,99,LATAM,Core Payments,0.46,5256.581
1117,33851.27,8.6,Closed Lost,105,EMEA,Risk Solutions,0.73,24711.427099999997
1118,33792.6,17.5,Prospecting,24,LATAM,Analytics,0.41,13854.965999999999
1119,20204.68,19.1,Proposal,59,LATAM,Risk Solutions,0.87,17578.0716
1120,34146.87,11.1,Closed Won,13,LATAM,VAS,0.32,10926.9984
1121,37773.28,8.7,Qualified,32,LATAM,Analytics,0.8,30218.624
1122,10209.58,22.7,Qualified,47,APAC,VAS,0.38,3879.6404
1123,20225.89,17.0,Proposal,21,APAC,VAS,0.92,18607.8188
1124,16882.8,7.9,Proposal,100,APAC,Risk Solutions,0.22,3714.216
1125,12796.21,3.9,Proposal,75,NA,Core Payments,0.34,4350.7114
1126,26725.91,10.9,Negotiation,39,APAC,VAS,0.22,5879.7002
1127,13281.05,18.4,Proposal,17,EMEA,VAS,0.82,10890.461
1128,16972.86,9.7,Qualified,68,NA,Risk Solutions,0.45,7637.787
1129,25520.55,11.2,Prospecting,22,LATAM,Risk Solutions,0.52,13270.686
1130,27171.12,9.9,Closed Won,28,EMEA,Risk Solutions,0.39,10596.7368
1131,26713.59,15.7,Qualified,15,LATAM,Risk Solutions,0.45,12021.1155
1132,84149.05,19.4,Prospecting,15,EMEA,Analytics,0.89,74892.6545
1133,16281.55,6.1,Prospecting,33,NA,VAS,0.73,11885.5315
1134,25593.96,11.0,Proposal,11,NA,Core Payments,0.48,12285.100799999998
1135,10683.9,11.4,Closed Won,54,APAC,VAS,0.22,2350.458
1136,29401.87,9.3,Prospecting,7,NA,VAS,0.28,8232.5236
1137,44005.6,6.4,Proposal,106,NA,Core Payments,0.48,21122.688
1138,45629.79,16.5,Proposal,81,EMEA,VAS,0.41,18708.2139
1139,15040.67,13.2,Proposal,19,APAC,Risk Solutions,0.69,10378.0623
1140,18626.14,16.0,Negotiation,34,APAC,VAS,0.65,12106.991
1141,46977.92,20.0,Negotiation,23,LATAM,VAS,0.32,15032.9344
1142,20826.41,10.6,Closed Lost,49,APAC,Risk Solutions,0.57,11871.053699999999
1143,39151.92,15.1,Closed Won,59,EMEA,Core Payments,0.79,30930.0168
1144,12290.07,10.4,Proposal,81,APAC,VAS,0.24,2949.6168
1145,50514.8,12.0,Proposal,52,EMEA,Core Payments,0.46,23236.808
1146,40796.38,14.1,Qualified,96,NA,VAS,0.4,16318.552
1147,29098.08,11.6,Prospecting,33,NA,Risk Solutions,0.82,23860.4256
1148,13641.59,4.9,Prospecting,116,LATAM,VAS,0.56,7639.290400000001
1149,20013.73,20.0,Closed Lost,52,EMEA,Core Payments,0.75,15010.2975
1150,24119.03,13.2,Negotiation,84,LATAM,VAS,0.74,17848.0822
1151,25797.87,6.7,Prospecting,35,EMEA,Analytics,0.83,21412.232099999997
1152,20684.35,1.4,Negotiation,92,NA,Core Payments,0.4,8273.74
1153,19320.8,12.3,Prospecting,63,LATAM,VAS,0.77,14877.016
1154,24722.61,15.7,Proposal,46,NA,Risk Solutions,0.76,18789.1836
1155,50885.64,17.5,Prospecting,107,EMEA,Core Payments,0.22,11194.8408
1156,6602.95,18.0,Proposal,104,NA,Risk Solutions,0.56,3697.652
1157,9670.9,10.5,Closed Lost,33,APAC,Core Payments,0.7,6769.629999999999
1158,8717.4,15.7,Prospecting,52,APAC,Risk Solutions,0.66,5753.484
1159,14585.94,4.7,Closed Won,93,APAC,Core Payments,0.88,12835.6272
1160,7753.07,13.2,Proposal,74,LATAM,VAS,0.38,2946.1666
1161,30695.52,17.0,Prospecting,43,LATAM,VAS,0.7,21486.863999999998
1162,23328.53,9.4,Closed Lost,116,LATAM,Analytics,0.67,15630.1151
1163,18915.44,11.6,Proposal,110,NA,VAS,0.58,10970.955199999999
1164,14633.58,13.0,Closed Lost,13,NA,VAS,0.75,10975.185
1165,24200.16,13.1,Closed Won,50,NA,Core Payments,0.45,10890.072
1166,24512.78,19.9,Closed Won,98,EMEA,Risk Solutions,0.7,17158.946
1167,26853.67,7.0,Closed Won,117,EMEA,Core Payments,0.55,14769.5185
1168,14222.65,19.2,Proposal,76,APAC,Core Payments,0.47,6684.6455
1169,32519.26,6.2,Negotiation,80,EMEA,Analytics,0.37,12032.126199999999
1170,9125.87,9.1,Qualified,69,LATAM,VAS,0.62,5658.039400000001
1171,46614.26,8.6,Closed Lost,117,APAC,Analytics,0.87,40554.406200000005
1172,3477.15,12.0,Proposal,62,EMEA,Risk Solutions,0.35,1217.0025
1173,15425.99,10.0,Prospecting,79,APAC,Core Payments,0.86,13266.3514
1174,10706.7,14.9,Closed Lost,88,LATAM,Core Payments,0.26,2783.742
1175,35378.03,12.5,Closed Won,21,NA,Analytics,0.94,33255.3482
1176,9035.43,23.5,Closed Won,35,EMEA,VAS,0.55,4969.486500000001
1177,65716.56,14.4,Proposal,15,NA,Risk Solutions,0.51,33515.4456
1178,8718.9,11.2,Proposal,63,APAC,Risk Solutions,0.84,7323.875999999999
1179,74389.94,14.3,Closed Won,76,APAC,Analytics,0.29,21573.082599999998
1180,28819.4,15.4,Closed Lost,61,NA,Analytics,0.25,7204.85
1181,22436.21,11.5,Closed Won,52,APAC,Risk Solutions,0.83,18622.0543
1182,28608.86,6.9,Closed Lost,76,NA,Risk Solutions,0.36,10299.1896
1183,82088.01,8.4,Negotiation,80,APAC,Analytics,0.47,38581.3647
1184,37640.96,13.3,Closed Lost,24,EMEA,VAS,0.83,31241.996799999997
1185,5767.37,16.6,Negotiation,92,LATAM,Core Payments,0.67,3864.1379
1186,45095.36,14.9,Negotiation,15,APAC,Core Payments,0.76,34272.4736
1187,25312.81,12.0,Closed Lost,46,LATAM,Risk Solutions,0.94,23794.0414
1188,8348.08,15.3,Qualified,73,NA,Risk Solutions,0.36,3005.3088
1189,34762.33,10.0,Prospecting,104,NA,Risk Solutions,0.55,19119.2815
1190,10650.22,13.7,Proposal,116,NA,Risk Solutions,0.21,2236.5461999999998
1191,24556.11,19.6,Proposal,25,NA,Core Payments,0.87,21363.8157
1192,25335.09,18.0,Closed Won,34,EMEA,Core Payments,0.87,22041.5283
1193,14927.51,19.2,Prospecting,18,APAC,Risk Solutions,0.76,11344.9076
1194,32485.18,10.6,Closed Won,30,APAC,Risk Solutions,0.36,11694.6648
1195,11932.71,13.5,Closed Won,88,NA,Analytics,0.72,8591.5512
1196,24703.72,7.4,Prospecting,92,EMEA,Core Payments,0.58,14328.1576
1197,15860.88,17.0,Qualified,110,NA,VAS,0.55,8723.484
1198,19739.97,10.3,Prospecting,25,LATAM,Core Payments,0.53,10462.1841
1199,69824.1,5.8,Proposal,31,NA,Analytics,0.21,14663.061000000002
1200,23558.14,9.9,Prospecting,51,LATAM,VAS,0.32,7538.6048
